ISO-10303-21;
HEADER;
FILE_DESCRIPTION (( 'STEP AP214' ),
    '1' );
FILE_NAME ('Same_Sky_CMI-1295-03TH.step',
    '2025-03-13T15:38:26',
    ( '' ),
    ( '' ),
    'SwSTEP 2.0',
    'SolidWorks 2024',
    '' );
FILE_SCHEMA (( 'AUTOMOTIVE_DESIGN' ));
ENDSEC;

DATA;
#1 = ORIENTED_EDGE ( 'NONE', *, *, #1244, .F. ) ;
#2 = ORIENTED_EDGE ( 'NONE', *, *, #428, .T. ) ;
#3 = CARTESIAN_POINT ( 'NONE',  ( 1.257666877342594396E-15, 0.1942243690598340344, -0.1377952755905512139 ) ) ;
#4 = CARTESIAN_POINT ( 'NONE',  ( 5.443218553737024411E-16, 0.1981613769338497755, -0.1614173228346456601 ) ) ;
#5 = ORIENTED_EDGE ( 'NONE', *, *, #1536, .T. ) ;
#6 = ORIENTED_EDGE ( 'NONE', *, *, #123, .T. ) ;
#7 = DIRECTION ( 'NONE',  ( -6.982962677686265922E-15, 1.000000000000000000, 0.000000000000000000 ) ) ;
#8 = CARTESIAN_POINT ( 'NONE',  ( -0.005905511811026244000, 0.7493424792960544645, 0.1492587318925964746 ) ) ;
#9 = VECTOR ( 'NONE', #1304, 39.37007874015748143 ) ;
#10 = EDGE_CURVE ( 'NONE', #974, #143, #419, .T. ) ;
#11 = EDGE_CURVE ( 'NONE', #1185, #1475, #591, .T. ) ;
#12 = EDGE_CURVE ( 'NONE', #1596, #144, #190, .T. ) ;
#13 = CARTESIAN_POINT ( 'NONE',  ( 0.2305832083684048739, 0.3950117706346388258, -0.05129810541097928195 ) ) ;
#14 = LINE ( 'NONE', #457, #487 ) ;
#15 = ORIENTED_EDGE ( 'NONE', *, *, #193, .F. ) ;
#16 = ORIENTED_EDGE ( 'NONE', *, *, #988, .T. ) ;
#17 = CARTESIAN_POINT ( 'NONE',  ( -5.517725546476217275E-18, 0.3753267312645583442, 0.000000000000000000 ) ) ;
#18 = ADVANCED_FACE ( 'NONE', ( #1024 ), #745, .T. ) ;
#19 = CARTESIAN_POINT ( 'NONE',  ( -0.03937007874016009573, 0.7493424792960541314, 0.1453217240185807058 ) ) ;
#20 = VECTOR ( 'NONE', #289, 39.37007874015748854 ) ;
#21 = LINE ( 'NONE', #567, #284 ) ;
#22 = DIRECTION ( 'NONE',  ( -6.982962677686265922E-15, 1.000000000000000000, 0.000000000000000000 ) ) ;
#23 = VERTEX_POINT ( 'NONE', #1153 ) ;
#24 = ORIENTED_EDGE ( 'NONE', *, *, #1359, .T. ) ;
#25 = CARTESIAN_POINT ( 'NONE',  ( -2.617255734917324450E-15, 0.7493424792960544645, 0.000000000000000000 ) ) ;
#26 = VECTOR ( 'NONE', #853, 39.37007874015748143 ) ;
#27 = EDGE_CURVE ( 'NONE', #1226, #1482, #1673, .T. ) ;
#28 = AXIS2_PLACEMENT_3D ( 'NONE', #1400, #1267, #178 ) ;
#29 = DIRECTION ( 'NONE',  ( -6.982962677686265922E-15, 1.000000000000000000, 0.000000000000000000 ) ) ;
#30 = ADVANCED_FACE ( 'NONE', ( #450 ), #1272, .F. ) ;
#31 = ORIENTED_EDGE ( 'NONE', *, *, #1445, .T. ) ;
#32 = ORIENTED_EDGE ( 'NONE', *, *, #1110, .T. ) ;
#33 = ORIENTED_EDGE ( 'NONE', *, *, #403, .T. ) ;
#34 = CARTESIAN_POINT ( 'NONE',  ( 0.03543307086613912277, 0.7473739753590468160, 0.1374477082705492237 ) ) ;
#35 = ADVANCED_FACE ( 'NONE', ( #737 ), #1524, .F. ) ;
#36 = DIRECTION ( 'NONE',  ( -6.982962677686266711E-15, 1.000000000000000000, 0.000000000000000000 ) ) ;
#37 = CIRCLE ( 'NONE', #1417, 0.2362204724409449341 ) ;
#38 = ORIENTED_EDGE ( 'NONE', *, *, #1620, .F. ) ;
#39 = CARTESIAN_POINT ( 'NONE',  ( 0.005905511811020999063, 0.7493424792960544645, 0.1492587318925965023 ) ) ;
#40 = FACE_OUTER_BOUND ( 'NONE', #1688, .T. ) ;
#41 = DIRECTION ( 'NONE',  ( 0.000000000000000000, 0.000000000000000000, -1.000000000000000000 ) ) ;
#42 = FACE_OUTER_BOUND ( 'NONE', #1509, .T. ) ;
#43 = FACE_OUTER_BOUND ( 'NONE', #1586, .T. ) ;
#44 = FACE_OUTER_BOUND ( 'NONE', #1355, .T. ) ;
#45 = FACE_OUTER_BOUND ( 'NONE', #1147, .T. ) ;
#46 = PLANE ( 'NONE',  #517 ) ;
#47 = VECTOR ( 'NONE', #1621, 39.37007874015748143 ) ;
#48 = DIMENSIONAL_EXPONENTS ( 1.000000000000000000, 0.000000000000000000, 0.000000000000000000, 0.000000000000000000, 0.000000000000000000, 0.000000000000000000, 0.000000000000000000 ) ;
#49 =( CONVERSION_BASED_UNIT ( 'INCH', #549 ) LENGTH_UNIT ( ) NAMED_UNIT ( #189 ) );
#50 = EDGE_CURVE ( 'NONE', #503, #1191, #52, .T. ) ;
#51 = LINE ( 'NONE', #198, #1309 ) ;
#52 = LINE ( 'NONE', #721, #1027 ) ;
#53 = DIRECTION ( 'NONE',  ( -6.982962677686265922E-15, 1.000000000000000000, 0.000000000000000000 ) ) ;
#54 = DIRECTION ( 'NONE',  ( -6.982962677686265922E-15, 1.000000000000000000, 0.000000000000000000 ) ) ;
#55 = ORIENTED_EDGE ( 'NONE', *, *, #427, .F. ) ;
#56 = EDGE_CURVE ( 'NONE', #1205, #1425, #1430, .T. ) ;
#57 = DIRECTION ( 'NONE',  ( 0.000000000000000000, 0.000000000000000000, -1.000000000000000000 ) ) ;
#58 = AXIS2_PLACEMENT_3D ( 'NONE', #331, #584, #1257 ) ;
#59 = AXIS2_PLACEMENT_3D ( 'NONE', #118, #802, #1204 ) ;
#60 = DIRECTION ( 'NONE',  ( 0.000000000000000000, 0.000000000000000000, -1.000000000000000000 ) ) ;
#61 = CARTESIAN_POINT ( 'NONE',  ( -0.1381528164177071583, 0.3950117706346361612, -0.1615917377591941095 ) ) ;
#62 = CARTESIAN_POINT ( 'NONE',  ( -0.001968503937010463497, 0.7473739753590464829, 0.1827232988217303566 ) ) ;
#63 = DIRECTION ( 'NONE',  ( -6.982962677686266711E-15, 1.000000000000000000, 0.000000000000000000 ) ) ;
#64 = ORIENTED_EDGE ( 'NONE', *, *, #148, .F. ) ;
#65 = AXIS2_PLACEMENT_3D ( 'NONE', #1283, #209, #232 ) ;
#66 = DIRECTION ( 'NONE',  ( 0.000000000000000000, 0.000000000000000000, -1.000000000000000000 ) ) ;
#67 = CARTESIAN_POINT ( 'NONE',  ( 0.001968503937005247183, 0.7493424792960544645, 0.1079201492154311381 ) ) ;
#68 = CARTESIAN_POINT ( 'NONE',  ( -2.589763755871315225E-15, 0.7454054714220387234, 0.000000000000000000 ) ) ;
#69 = DIRECTION ( 'NONE',  ( -6.982962677686266711E-15, 1.000000000000000000, 0.000000000000000000 ) ) ;
#70 = AXIS2_PLACEMENT_3D ( 'NONE', #1075, #1107, #939 ) ;
#71 = ORIENTED_EDGE ( 'NONE', *, *, #428, .F. ) ;
#72 = DIRECTION ( 'NONE',  ( 0.000000000000000000, 0.000000000000000000, -1.000000000000000000 ) ) ;
#73 = VECTOR ( 'NONE', #873, 39.37007874015748143 ) ;
#74 = DIRECTION ( 'NONE',  ( -6.982962677686266711E-15, 1.000000000000000000, 0.000000000000000000 ) ) ;
#75 = EDGE_CURVE ( 'NONE', #1055, #509, #730, .T. ) ;
#76 = DIRECTION ( 'NONE',  ( 6.982962677686266711E-15, -1.000000000000000000, 0.000000000000000000 ) ) ;
#77 = LENGTH_MEASURE_WITH_UNIT ( LENGTH_MEASURE( 0.02539999999999999897 ), #762 );
#78 = EDGE_CURVE ( 'NONE', #913, #1209, #1085, .T. ) ;
#79 = ORIENTED_EDGE ( 'NONE', *, *, #988, .F. ) ;
#80 = PLANE ( 'NONE',  #1129 ) ;
#81 = EDGE_CURVE ( 'NONE', #857, #1371, #166, .T. ) ;
#82 = CIRCLE ( 'NONE', #551, 0.01181102362204722485 ) ;
#83 = VECTOR ( 'NONE', #1436, 39.37007874015748143 ) ;
#84 = LINE ( 'NONE', #473, #218 ) ;
#85 = LINE ( 'NONE', #630, #1132 ) ;
#86 = CIRCLE ( 'NONE', #776, 0.2362204724409449341 ) ;
#87 = DIRECTION ( 'NONE',  ( 0.000000000000000000, 0.000000000000000000, -1.000000000000000000 ) ) ;
#88 = LINE ( 'NONE', #1311, #1079 ) ;
#89 = ORIENTED_EDGE ( 'NONE', *, *, #321, .T. ) ;
#90 = FACE_OUTER_BOUND ( 'NONE', #409, .T. ) ;
#91 = ORIENTED_EDGE ( 'NONE', *, *, #621, .F. ) ;
#92 = VECTOR ( 'NONE', #1000, 39.37007874015748143 ) ;
#93 = EDGE_CURVE ( 'NONE', #974, #542, #1197, .T. ) ;
#94 = CYLINDRICAL_SURFACE ( 'NONE', #195, 0.2244094488188976555 ) ;
#95 = DIRECTION ( 'NONE',  ( -3.614007241618353455E-17, -2.523647768510885458E-31, 1.000000000000000000 ) ) ;
#96 = ORIENTED_EDGE ( 'NONE', *, *, #424, .F. ) ;
#97 = CIRCLE ( 'NONE', #1112, 0.003937007874015758385 ) ;
#98 = DIRECTION ( 'NONE',  ( -6.982962677686266711E-15, 1.000000000000000000, 0.000000000000000000 ) ) ;
#99 = CARTESIAN_POINT ( 'NONE',  ( -0.005905511811026237928, 0.7493424792960544645, 0.1374477082705492792 ) ) ;
#100 = VERTEX_POINT ( 'NONE', #1217 ) ;
#101 = CARTESIAN_POINT ( 'NONE',  ( 0.001968503937005256291, 0.7493424792960544645, 0.1787862909477145879 ) ) ;
#102 = VERTEX_POINT ( 'NONE', #1757 ) ;
#103 = EDGE_CURVE ( 'NONE', #1320, #763, #1456, .T. ) ;
#104 = ORIENTED_EDGE ( 'NONE', *, *, #1266, .T. ) ;
#105 = EDGE_CURVE ( 'NONE', #529, #399, #657, .T. ) ;
#106 = DIRECTION ( 'NONE',  ( 0.000000000000000000, 0.000000000000000000, -1.000000000000000000 ) ) ;
#107 = DIRECTION ( 'NONE',  ( 0.000000000000000000, 0.000000000000000000, -1.000000000000000000 ) ) ;
#108 = ORIENTED_EDGE ( 'NONE', *, *, #870, .T. ) ;
#109 = CARTESIAN_POINT ( 'NONE',  ( -2.617614906292519655E-15, 0.7493424792960544645, 0.2024083381918091173 ) ) ;
#110 = ADVANCED_FACE ( 'NONE', ( #1323 ), #546, .F. ) ;
#111 = DIRECTION ( 'NONE',  ( -6.982962677686265922E-15, 1.000000000000000000, 0.000000000000000000 ) ) ;
#112 = ORIENTED_EDGE ( 'NONE', *, *, #460, .T. ) ;
#113 = DIRECTION ( 'NONE',  ( -6.982962677686265922E-15, 1.000000000000000000, 0.000000000000000000 ) ) ;
#114 = EDGE_CURVE ( 'NONE', #1482, #574, #615, .T. ) ;
#115 = ORIENTED_EDGE ( 'NONE', *, *, #205, .F. ) ;
#116 = VERTEX_POINT ( 'NONE', #8 ) ;
#117 = CARTESIAN_POINT ( 'NONE',  ( 0.005905511811021004268, 0.7493424792960544645, 0.1492587318925964746 ) ) ;
#118 = CARTESIAN_POINT ( 'NONE',  ( -1.792496363537056369E-15, 0.6312322430755821223, 0.000000000000000000 ) ) ;
#119 = ORIENTED_EDGE ( 'NONE', *, *, #878, .F. ) ;
#120 = DIRECTION ( 'NONE',  ( 0.000000000000000000, 0.000000000000000000, 1.000000000000000000 ) ) ;
#121 = DIRECTION ( 'NONE',  ( 0.000000000000000000, 0.000000000000000000, -1.000000000000000000 ) ) ;
#122 = VECTOR ( 'NONE', #54, 39.37007874015748143 ) ;
#123 = EDGE_CURVE ( 'NONE', #1144, #211, #681, .T. ) ;
#124 = AXIS2_PLACEMENT_3D ( 'NONE', #912, #223, #1701 ) ;
#125 = ORIENTED_EDGE ( 'NONE', *, *, #1219, .F. ) ;
#126 = DIRECTION ( 'NONE',  ( -6.982962677686265922E-15, 1.000000000000000000, 0.000000000000000000 ) ) ;
#127 = AXIS2_PLACEMENT_3D ( 'NONE', #1142, #1131, #1124 ) ;
#128 = VERTEX_POINT ( 'NONE', #1606 ) ;
#129 = ORIENTED_EDGE ( 'NONE', *, *, #1445, .F. ) ;
#130 = DIRECTION ( 'NONE',  ( -6.982962677686266711E-15, 1.000000000000000000, 0.000000000000000000 ) ) ;
#131 = AXIS2_PLACEMENT_3D ( 'NONE', #1097, #1086, #667 ) ;
#132 = CARTESIAN_POINT ( 'NONE',  ( -2.589763755871315225E-15, 0.7454054714220387234, 0.000000000000000000 ) ) ;
#133 = ORIENTED_EDGE ( 'NONE', *, *, #1681, .F. ) ;
#134 = CARTESIAN_POINT ( 'NONE',  ( 0.005905511811021018145, 0.7473739753590465940, 0.1787862909477145601 ) ) ;
#135 = CARTESIAN_POINT ( 'NONE',  ( -2.617255734917324450E-15, 0.7493424792960544645, -0.04921259842519685318 ) ) ;
#136 = ADVANCED_FACE ( 'NONE', ( #146 ), #1626, .T. ) ;
#137 = PRODUCT_DEFINITION_SHAPE ( 'NONE', 'NONE',  #535 ) ;
#138 = ORIENTED_EDGE ( 'NONE', *, *, #1467, .T. ) ;
#139 = ORIENTED_EDGE ( 'NONE', *, *, #861, .T. ) ;
#140 = CIRCLE ( 'NONE', #997, 0.2362204724409449341 ) ;
#141 = DIRECTION ( 'NONE',  ( -6.982962677686266711E-15, 1.000000000000000000, 0.000000000000000000 ) ) ;
#142 = LINE ( 'NONE', #1397, #952 ) ;
#143 = VERTEX_POINT ( 'NONE', #1463 ) ;
#144 = VERTEX_POINT ( 'NONE', #817 ) ;
#145 = CARTESIAN_POINT ( 'NONE',  ( -0.03543307086614432000, 0.7493424792960541314, 0.1492587318925965023 ) ) ;
#146 = FACE_OUTER_BOUND ( 'NONE', #998, .T. ) ;
#147 = ADVANCED_FACE ( 'NONE', ( #949 ), #246, .F. ) ;
#148 = EDGE_CURVE ( 'NONE', #358, #542, #1687, .T. ) ;
#149 = EDGE_CURVE ( 'NONE', #1320, #1067, #523, .T. ) ;
#150 = DIRECTION ( 'NONE',  ( -6.982962677686265922E-15, 1.000000000000000000, 0.000000000000000000 ) ) ;
#151 = FACE_OUTER_BOUND ( 'NONE', #658, .T. ) ;
#152 = VERTEX_POINT ( 'NONE', #135 ) ;
#153 = ORIENTED_EDGE ( 'NONE', *, *, #1219, .T. ) ;
#154 = CARTESIAN_POINT ( 'NONE',  ( 0.2305832083684050959, 0.3753267312645600096, -0.05129810541097937909 ) ) ;
#155 = SURFACE_STYLE_USAGE ( .BOTH. , #1366 ) ;
#156 = AXIS2_PLACEMENT_3D ( 'NONE', #194, #986, #739 ) ;
#157 = CIRCLE ( 'NONE', #124, 0.003937007874015741038 ) ;
#158 = CARTESIAN_POINT ( 'NONE',  ( -2.589763755871315225E-15, 0.7454054714220387234, 0.000000000000000000 ) ) ;
#159 = DIRECTION ( 'NONE',  ( 0.000000000000000000, 0.000000000000000000, -1.000000000000000000 ) ) ;
#160 = ORIENTED_EDGE ( 'NONE', *, *, #1106, .F. ) ;
#161 = VERTEX_POINT ( 'NONE', #806 ) ;
#162 = ORIENTED_EDGE ( 'NONE', *, *, #277, .T. ) ;
#163 = LINE ( 'NONE', #707, #407 ) ;
#164 = CARTESIAN_POINT ( 'NONE',  ( -1.297640740708895835E-15, 0.3950117706346371049, -0.2362204724409449341 ) ) ;
#165 = ADVANCED_FACE ( 'NONE', ( #383 ), #258, .T. ) ;
#166 = CIRCLE ( 'NONE', #536, 0.2125984251968504324 ) ;
#167 = ORIENTED_EDGE ( 'NONE', *, *, #1393, .F. ) ;
#168 = ORIENTED_EDGE ( 'NONE', *, *, #565, .T. ) ;
#169 = EDGE_CURVE ( 'NONE', #485, #1094, #1293, .T. ) ;
#170 = VERTEX_POINT ( 'NONE', #338 ) ;
#171 = CARTESIAN_POINT ( 'NONE',  ( -0.005905511811026245735, 0.7493424792960544645, 0.000000000000000000 ) ) ;
#172 = AXIS2_PLACEMENT_3D ( 'NONE', #1040, #765, #629 ) ;
#173 = EDGE_CURVE ( 'NONE', #1053, #830, #727, .T. ) ;
#174 = LINE ( 'NONE', #1392, #1109 ) ;
#175 = PRODUCT_DEFINITION_CONTEXT ( 'detailed design', #687, 'design' ) ;
#176 = MANIFOLD_SOLID_BREP ( '切除-拉伸1', #1052 ) ;
#177 = ORIENTED_EDGE ( 'NONE', *, *, #991, .T. ) ;
#178 = DIRECTION ( 'NONE',  ( 0.000000000000000000, 0.000000000000000000, -1.000000000000000000 ) ) ;
#179 = LINE ( 'NONE', #709, #26 ) ;
#180 = CARTESIAN_POINT ( 'NONE',  ( -2.603509745394320035E-15, 0.7473739753590465940, 0.1433532200815728630 ) ) ;
#181 = DIRECTION ( 'NONE',  ( -6.982962677686265922E-15, 1.000000000000000000, 0.000000000000000000 ) ) ;
#182 = PRODUCT_CONTEXT ( 'NONE', #221, 'mechanical' ) ;
#183 = PLANE ( 'NONE',  #1012 ) ;
#184 = VECTOR ( 'NONE', #984, 39.37007874015748143 ) ;
#185 = CARTESIAN_POINT ( 'NONE',  ( -5.517725546476217275E-18, 0.3753267312645583442, 0.000000000000000000 ) ) ;
#186 = ADVANCED_FACE ( 'NONE', ( #42 ), #1001, .F. ) ;
#187 = FILL_AREA_STYLE_COLOUR ( '', #662 ) ;
#188 = CARTESIAN_POINT ( 'NONE',  ( -0.2305832083684058176, 0.3950117706346354951, -0.05129810541097621496 ) ) ;
#189 = DIMENSIONAL_EXPONENTS ( 1.000000000000000000, 0.000000000000000000, 0.000000000000000000, 0.000000000000000000, 0.000000000000000000, 0.000000000000000000, 0.000000000000000000 ) ;
#190 = LINE ( 'NONE', #200, #650 ) ;
#191 = LENGTH_MEASURE_WITH_UNIT ( LENGTH_MEASURE( 0.02539999999999999897 ), #1692 );
#192 = DIRECTION ( 'NONE',  ( -6.982962677686265922E-15, 1.000000000000000000, 0.000000000000000000 ) ) ;
#193 = EDGE_CURVE ( 'NONE', #1479, #1221, #97, .T. ) ;
#194 = CARTESIAN_POINT ( 'NONE',  ( -1.429776207765212153E-16, 0.3950117706346371049, 0.000000000000000000 ) ) ;
#195 = AXIS2_PLACEMENT_3D ( 'NONE', #1183, #1716, #507 ) ;
#196 = ORIENTED_EDGE ( 'NONE', *, *, #1655, .F. ) ;
#197 = CARTESIAN_POINT ( 'NONE',  ( -0.2090189581499893867, 0.3753267312645569564, -0.03884797974250138453 ) ) ;
#198 = CARTESIAN_POINT ( 'NONE',  ( -2.624487901054021666E-15, 0.7493424792960544645, 0.2024083381918091173 ) ) ;
#199 = ADVANCED_FACE ( 'NONE', ( #492 ), #646, .T. ) ;
#200 = CARTESIAN_POINT ( 'NONE',  ( 0.03937007874015487074, 0.7493424792960546865, 0.1413847161445650202 ) ) ;
#201 = DIRECTION ( 'NONE',  ( 3.614007241618353455E-17, 2.523647768510885458E-31, -1.000000000000000000 ) ) ;
#202 = LINE ( 'NONE', #746, #469 ) ;
#203 = DIRECTION ( 'NONE',  ( 0.000000000000000000, 0.000000000000000000, -1.000000000000000000 ) ) ;
#204 = ORIENTED_EDGE ( 'NONE', *, *, #346, .T. ) ;
#205 = EDGE_CURVE ( 'NONE', #1191, #1122, #585, .T. ) ;
#206 = LINE ( 'NONE', #751, #9 ) ;
#207 = AXIS2_PLACEMENT_3D ( 'NONE', #1232, #972, #1497 ) ;
#208 = DIRECTION ( 'NONE',  ( -6.982962677686265922E-15, 1.000000000000000000, 0.000000000000000000 ) ) ;
#209 = DIRECTION ( 'NONE',  ( -6.982962677686266711E-15, 1.000000000000000000, 0.000000000000000000 ) ) ;
#210 =( NAMED_UNIT ( * ) SI_UNIT ( $, .STERADIAN. ) SOLID_ANGLE_UNIT ( ) );
#211 = VERTEX_POINT ( 'NONE', #781 ) ;
#212 = DIRECTION ( 'NONE',  ( 0.000000000000000000, 0.000000000000000000, -1.000000000000000000 ) ) ;
#213 = DIRECTION ( 'NONE',  ( 0.000000000000000000, 0.000000000000000000, 1.000000000000000000 ) ) ;
#214 = EDGE_LOOP ( 'NONE', ( #79, #1100, #231, #243 ) ) ;
#215 = FACE_OUTER_BOUND ( 'NONE', #879, .T. ) ;
#216 = FILL_AREA_STYLE_COLOUR ( '', #1654 ) ;
#217 = EDGE_CURVE ( 'NONE', #394, #932, #1695, .T. ) ;
#218 = VECTOR ( 'NONE', #53, 39.37007874015748143 ) ;
#219 = ORIENTED_EDGE ( 'NONE', *, *, #435, .F. ) ;
#220 = DIRECTION ( 'NONE',  ( -0.8660254037844437036, -6.047423072554948699E-15, -0.4999999999999910627 ) ) ;
#221 = APPLICATION_CONTEXT ( 'automotive_design' ) ;
#222 = CARTESIAN_POINT ( 'NONE',  ( -0.005905511811026239663, 0.7493424792960544645, 0.1079201492154311659 ) ) ;
#223 = DIRECTION ( 'NONE',  ( 6.982962677686266711E-15, -1.000000000000000000, 0.000000000000000000 ) ) ;
#224 = CARTESIAN_POINT ( 'NONE',  ( 0.2090189581499887761, 0.3950117706346386037, -0.03884797974250418090 ) ) ;
#225 = DIRECTION ( 'NONE',  ( -6.982962677686266711E-15, 1.000000000000000000, 0.000000000000000000 ) ) ;
#226 = EDGE_LOOP ( 'NONE', ( #1077, #1252 ) ) ;
#227 = CARTESIAN_POINT ( 'NONE',  ( -1.429776207765212153E-16, 0.3950117706346371049, -0.2362204724409449341 ) ) ;
#228 = CIRCLE ( 'NONE', #1034, 0.01181102362204724046 ) ;
#229 = DIRECTION ( 'NONE',  ( 6.982962677686265922E-15, -1.000000000000000000, 0.000000000000000000 ) ) ;
#230 = DIRECTION ( 'NONE',  ( 0.000000000000000000, 0.000000000000000000, 1.000000000000000000 ) ) ;
#231 = ORIENTED_EDGE ( 'NONE', *, *, #856, .T. ) ;
#232 = DIRECTION ( 'NONE',  ( 0.000000000000000000, 0.000000000000000000, -1.000000000000000000 ) ) ;
#233 = DIRECTION ( 'NONE',  ( 0.000000000000000000, 0.000000000000000000, 1.000000000000000000 ) ) ;
#234 = EDGE_CURVE ( 'NONE', #23, #513, #88, .T. ) ;
#235 = EDGE_LOOP ( 'NONE', ( #1069, #516 ) ) ;
#236 = DIRECTION ( 'NONE',  ( 1.000000000000000000, 7.228014483236696753E-15, 0.000000000000000000 ) ) ;
#237 = VECTOR ( 'NONE', #1418, 39.37007874015748143 ) ;
#238 = ORIENTED_EDGE ( 'NONE', *, *, #362, .F. ) ;
#239 = AXIS2_PLACEMENT_3D ( 'NONE', #554, #392, #1625 ) ;
#240 = EDGE_CURVE ( 'NONE', #824, #286, #614, .T. ) ;
#241 = CARTESIAN_POINT ( 'NONE',  ( -0.03937007874016008879, 0.7473739753590463719, 0.1413847161445650202 ) ) ;
#242 = CARTESIAN_POINT ( 'NONE',  ( -0.001968503937010449185, 0.7473739753590464829, 0.1827232988217303566 ) ) ;
#243 = ORIENTED_EDGE ( 'NONE', *, *, #1347, .F. ) ;
#244 = MECHANICAL_DESIGN_GEOMETRIC_PRESENTATION_REPRESENTATION (  '', ( #710 ), #1348 ) ;
#245 = DIRECTION ( 'NONE',  ( -1.807003620809176604E-16, -1.261823884255442860E-30, -1.000000000000000000 ) ) ;
#246 = PLANE ( 'NONE',  #712 ) ;
#247 = AXIS2_PLACEMENT_3D ( 'NONE', #1743, #668, #1617 ) ;
#248 = ORIENTED_EDGE ( 'NONE', *, *, #123, .F. ) ;
#249 = DIRECTION ( 'NONE',  ( -6.982962677686266711E-15, 1.000000000000000000, 0.000000000000000000 ) ) ;
#250 = ORIENTED_EDGE ( 'NONE', *, *, #234, .F. ) ;
#251 = VECTOR ( 'NONE', #273, 39.37007874015748143 ) ;
#252 = EDGE_LOOP ( 'NONE', ( #845, #1488, #1705, #1324 ) ) ;
#253 = AXIS2_PLACEMENT_3D ( 'NONE', #313, #598, #1254 ) ;
#254 = DIRECTION ( 'NONE',  ( 6.982962677686265922E-15, -1.000000000000000000, 0.000000000000000000 ) ) ;
#255 = PLANE ( 'NONE',  #59 ) ;
#256 = ORIENTED_EDGE ( 'NONE', *, *, #1655, .T. ) ;
#257 = CARTESIAN_POINT ( 'NONE',  ( -0.07086614173228351909, 0.3753267312645579001, 0.2253399688386486244 ) ) ;
#258 = CYLINDRICAL_SURFACE ( 'NONE', #1376, 0.2362204724409449341 ) ;
#259 = VERTEX_POINT ( 'NONE', #356 ) ;
#260 = CARTESIAN_POINT ( 'NONE',  ( 0.1381528164177047435, 0.3950117706346381041, -0.1615917377591959692 ) ) ;
#261 = VERTEX_POINT ( 'NONE', #907 ) ;
#262 = ORIENTED_EDGE ( 'NONE', *, *, #1222, .T. ) ;
#263 = CARTESIAN_POINT ( 'NONE',  ( -5.517725546476217275E-18, 0.3753267312645583442, 0.000000000000000000 ) ) ;
#264 = FACE_OUTER_BOUND ( 'NONE', #1013, .T. ) ;
#265 = ORIENTED_EDGE ( 'NONE', *, *, #1565, .F. ) ;
#266 = AXIS2_PLACEMENT_3D ( 'NONE', #185, #440, #877 ) ;
#267 = CARTESIAN_POINT ( 'NONE',  ( -2.617614906292519655E-15, 0.7473739753590465940, 0.2024083381918091173 ) ) ;
#268 = DIRECTION ( 'NONE',  ( 0.000000000000000000, 0.000000000000000000, -1.000000000000000000 ) ) ;
#269 = VECTOR ( 'NONE', #1314, 39.37007874015748143 ) ;
#270 = ORIENTED_EDGE ( 'NONE', *, *, #775, .T. ) ;
#271 = VERTEX_POINT ( 'NONE', #99 ) ;
#272 = ORIENTED_EDGE ( 'NONE', *, *, #27, .F. ) ;
#273 = DIRECTION ( 'NONE',  ( -6.982962677686265922E-15, 1.000000000000000000, 0.000000000000000000 ) ) ;
#274 = AXIS2_PLACEMENT_3D ( 'NONE', #19, #1386, #1391 ) ;
#275 = CARTESIAN_POINT ( 'NONE',  ( 0.07086614173228325542, 0.3950117706346376045, 0.2253399688386486521 ) ) ;
#276 = ORIENTED_EDGE ( 'NONE', *, *, #1244, .T. ) ;
#277 = EDGE_CURVE ( 'NONE', #503, #800, #1434, .T. ) ;
#278 = ORIENTED_EDGE ( 'NONE', *, *, #321, .F. ) ;
#279 = CARTESIAN_POINT ( 'NONE',  ( -0.005905511811026237928, 0.7493424792960544645, 0.1492587318925965023 ) ) ;
#280 = DIRECTION ( 'NONE',  ( -6.982962677686266711E-15, 1.000000000000000000, 0.000000000000000000 ) ) ;
#281 = ADVANCED_FACE ( 'NONE', ( #43 ), #1149, .T. ) ;
#282 = EDGE_CURVE ( 'NONE', #857, #1749, #1297, .T. ) ;
#283 = ORIENTED_EDGE ( 'NONE', *, *, #1595, .F. ) ;
#284 = VECTOR ( 'NONE', #406, 39.37007874015748143 ) ;
#285 = CARTESIAN_POINT ( 'NONE',  ( -1.429776207765212153E-16, 0.3950117706346371049, 0.000000000000000000 ) ) ;
#286 = VERTEX_POINT ( 'NONE', #62 ) ;
#287 = ORIENTED_EDGE ( 'NONE', *, *, #300, .T. ) ;
#288 = ORIENTED_EDGE ( 'NONE', *, *, #1583, .T. ) ;
#289 = DIRECTION ( 'NONE',  ( -0.8660254037844353769, -6.047423072554891112E-15, 0.5000000000000055511 ) ) ;
#290 = FILL_AREA_STYLE ('',( #1494 ) ) ;
#291 = EDGE_CURVE ( 'NONE', #1226, #1722, #822, .T. ) ;
#292 = DIRECTION ( 'NONE',  ( -1.776356839400250465E-15, 0.000000000000000000, -1.000000000000000000 ) ) ;
#293 = CARTESIAN_POINT ( 'NONE',  ( -0.001968503937010490819, 0.7493424792960544645, 0.1787862909477145879 ) ) ;
#294 = ORIENTED_EDGE ( 'NONE', *, *, #588, .T. ) ;
#295 = EDGE_LOOP ( 'NONE', ( #305, #955, #372, #1546 ) ) ;
#296 = CARTESIAN_POINT ( 'NONE',  ( -2.603509745394320035E-15, 0.7473739753590465940, 0.09610912559338387340 ) ) ;
#297 = VECTOR ( 'NONE', #22, 39.37007874015748143 ) ;
#298 = VECTOR ( 'NONE', #1740, 39.37007874015748143 ) ;
#299 = ORIENTED_EDGE ( 'NONE', *, *, #1548, .T. ) ;
#300 = EDGE_CURVE ( 'NONE', #1350, #1610, #202, .T. ) ;
#301 = ORIENTED_EDGE ( 'NONE', *, *, #169, .T. ) ;
#302 = VERTEX_POINT ( 'NONE', #1700 ) ;
#303 = CARTESIAN_POINT ( 'NONE',  ( 0.03543307086613912971, 0.7473739753590468160, 0.1453217240185807613 ) ) ;
#304 = CARTESIAN_POINT ( 'NONE',  ( 0.005905511811021012941, 0.7473739753590465940, 0.1492587318925964746 ) ) ;
#305 = ORIENTED_EDGE ( 'NONE', *, *, #565, .F. ) ;
#306 = ORIENTED_EDGE ( 'NONE', *, *, #1583, .F. ) ;
#307 = PLANE ( 'NONE',  #980 ) ;
#308 = ADVANCED_FACE ( 'NONE', ( #452 ), #1291, .F. ) ;
#309 = ADVANCED_FACE ( 'NONE', ( #1410, #1401 ), #1026, .T. ) ;
#310 = DIRECTION ( 'NONE',  ( -0.8660254037844362651, -6.047423072554896634E-15, 0.5000000000000041078 ) ) ;
#311 = AXIS2_PLACEMENT_3D ( 'NONE', #330, #885, #1213 ) ;
#312 = DIRECTION ( 'NONE',  ( 0.000000000000000000, 0.000000000000000000, -1.000000000000000000 ) ) ;
#313 = CARTESIAN_POINT ( 'NONE',  ( -1.792496363537056369E-15, 0.6312322430755821223, 0.000000000000000000 ) ) ;
#314 = CARTESIAN_POINT ( 'NONE',  ( -2.617255734917324450E-15, 0.7493424792960544645, 0.1433532200815728630 ) ) ;
#315 = CARTESIAN_POINT ( 'NONE',  ( -0.005905511811026237928, 0.7493424792960544645, 0.1492587318925965023 ) ) ;
#316 = VECTOR ( 'NONE', #126, 39.37007874015748143 ) ;
#317 = DIRECTION ( 'NONE',  ( 0.000000000000000000, 0.000000000000000000, -1.000000000000000000 ) ) ;
#318 = CARTESIAN_POINT ( 'NONE',  ( 0.001968503937005218994, 0.7493424792960544645, 0.1039831413414153971 ) ) ;
#319 = CARTESIAN_POINT ( 'NONE',  ( -0.07086614173228350522, 0.3753267312645579001, 0.000000000000000000 ) ) ;
#320 = DIRECTION ( 'NONE',  ( -1.000000000000000000, -6.982962677686265922E-15, 3.614007241618350989E-17 ) ) ;
#321 = EDGE_CURVE ( 'NONE', #574, #1053, #1155, .T. ) ;
#322 = AXIS2_PLACEMENT_3D ( 'NONE', #1169, #98, #1051 ) ;
#323 = DIRECTION ( 'NONE',  ( -6.982962677686266711E-15, 1.000000000000000000, 0.000000000000000000 ) ) ;
#324 = VECTOR ( 'NONE', #245, 39.37007874015748143 ) ;
#325 = ORIENTED_EDGE ( 'NONE', *, *, #234, .T. ) ;
#326 = ADVANCED_FACE ( 'NONE', ( #489, #1431 ), #1525, .T. ) ;
#327 = LINE ( 'NONE', #1002, #749 ) ;
#328 = DIRECTION ( 'NONE',  ( 6.982962677686266711E-15, -1.000000000000000000, 0.000000000000000000 ) ) ;
#329 = ORIENTED_EDGE ( 'NONE', *, *, #1537, .T. ) ;
#330 = CARTESIAN_POINT ( 'NONE',  ( 0.03543307086613912971, 0.7473739753590468160, 0.1413847161445649647 ) ) ;
#331 = CARTESIAN_POINT ( 'NONE',  ( -5.517725546476217275E-18, 0.3753267312645583442, 0.000000000000000000 ) ) ;
#332 = AXIS2_PLACEMENT_3D ( 'NONE', #263, #130, #676 ) ;
#333 = VERTEX_POINT ( 'NONE', #610 ) ;
#334 = CYLINDRICAL_SURFACE ( 'NONE', #1099, 0.003937007874015758385 ) ;
#335 = FACE_OUTER_BOUND ( 'NONE', #1572, .T. ) ;
#336 = DIRECTION ( 'NONE',  ( -6.982962677686265922E-15, 1.000000000000000000, 0.000000000000000000 ) ) ;
#337 = CYLINDRICAL_SURFACE ( 'NONE', #322, 0.04724409448818899654 ) ;
#338 = CARTESIAN_POINT ( 'NONE',  ( -0.1597170666361233948, 0.3753267312645572895, -0.1740418634276688636 ) ) ;
#339 = EDGE_LOOP ( 'NONE', ( #966, #1171, #104, #1091 ) ) ;
#340 = DIRECTION ( 'NONE',  ( 1.000000000000000000, 7.228014483236696753E-15, 0.000000000000000000 ) ) ;
#341 = EDGE_CURVE ( 'NONE', #785, #1122, #84, .T. ) ;
#342 = CIRCLE ( 'NONE', #1335, 0.2125984251968504879 ) ;
#343 = AXIS2_PLACEMENT_3D ( 'NONE', #1697, #1690, #1713 ) ;
#344 = CIRCLE ( 'NONE', #1068, 0.2362204724409449341 ) ;
#345 = DIRECTION ( 'NONE',  ( 0.000000000000000000, 0.000000000000000000, -1.000000000000000000 ) ) ;
#346 = EDGE_CURVE ( 'NONE', #513, #544, #1118, .T. ) ;
#347 = UNCERTAINTY_MEASURE_WITH_UNIT (LENGTH_MEASURE( 1.000000000000000082E-05 ), #49, 'distance_accuracy_value', 'NONE');
#348 = DIRECTION ( 'NONE',  ( -6.982962677686265922E-15, 1.000000000000000000, 0.000000000000000000 ) ) ;
#349 = CARTESIAN_POINT ( 'NONE',  ( -0.001968503937010477375, 0.7473739753590464829, 0.1787862909477145879 ) ) ;
#350 = ORIENTED_EDGE ( 'NONE', *, *, #291, .F. ) ;
#351 = VECTOR ( 'NONE', #382, 39.37007874015748143 ) ;
#352 = DIRECTION ( 'NONE',  ( 6.982962677686266711E-15, -1.000000000000000000, 0.000000000000000000 ) ) ;
#353 = PLANE ( 'NONE',  #940 ) ;
#354 = DIRECTION ( 'NONE',  ( -6.982962677686266711E-15, 1.000000000000000000, 0.000000000000000000 ) ) ;
#355 = CARTESIAN_POINT ( 'NONE',  ( 0.07086614173228342195, 0.3753267312645588438, 0.2253399688386486521 ) ) ;
#356 = CARTESIAN_POINT ( 'NONE',  ( 0.005905511811020992124, 0.7493424792960544645, 0.1079201492154311520 ) ) ;
#357 = CIRCLE ( 'NONE', #1023, 0.2125984251968504879 ) ;
#358 = VERTEX_POINT ( 'NONE', #1557 ) ;
#359 = CARTESIAN_POINT ( 'NONE',  ( -0.005905511811026239663, 0.7493424792960544645, 0.1787862909477145601 ) ) ;
#360 = DIRECTION ( 'NONE',  ( -6.982962677686266711E-15, 1.000000000000000000, 0.000000000000000000 ) ) ;
#361 = FACE_OUTER_BOUND ( 'NONE', #364, .T. ) ;
#362 = EDGE_CURVE ( 'NONE', #1277, #259, #387, .T. ) ;
#363 = FACE_OUTER_BOUND ( 'NONE', #694, .T. ) ;
#364 = EDGE_LOOP ( 'NONE', ( #1233, #168, #1115, #1338 ) ) ;
#365 = CARTESIAN_POINT ( 'NONE',  ( 1.625438457463203113E-15, 0.1391062588236135489, 0.1496062992125984370 ) ) ;
#366 = ORIENTED_EDGE ( 'NONE', *, *, #672, .T. ) ;
#367 = CIRCLE ( 'NONE', #867, 0.2362204724409449341 ) ;
#368 = DIRECTION ( 'NONE',  ( -1.000000000000000000, -6.982962677686265922E-15, 0.000000000000000000 ) ) ;
#369 = DIRECTION ( 'NONE',  ( 0.000000000000000000, 0.000000000000000000, -1.000000000000000000 ) ) ;
#370 = ORIENTED_EDGE ( 'NONE', *, *, #933, .T. ) ;
#371 = CARTESIAN_POINT ( 'NONE',  ( -0.001968503937010476941, 0.7493424792960544645, 0.1039831413414153971 ) ) ;
#372 = ORIENTED_EDGE ( 'NONE', *, *, #149, .T. ) ;
#373 = CARTESIAN_POINT ( 'NONE',  ( -0.03543307086614434082, 0.7473739753590463719, 0.1453217240185807613 ) ) ;
#374 = VECTOR ( 'NONE', #348, 39.37007874015748143 ) ;
#375 = ADVANCED_FACE ( 'NONE', ( #890 ), #353, .F. ) ;
#376 = ORIENTED_EDGE ( 'NONE', *, *, #1584, .T. ) ;
#377 = ORIENTED_EDGE ( 'NONE', *, *, #454, .T. ) ;
#378 = DIRECTION ( 'NONE',  ( 3.614007241618350989E-17, 2.523647768510883706E-31, 1.000000000000000000 ) ) ;
#379 = CARTESIAN_POINT ( 'NONE',  ( 0.03937007874015487768, 0.7473739753590469270, 0.1413847161445649925 ) ) ;
#380 = ORIENTED_EDGE ( 'NONE', *, *, #449, .F. ) ;
#381 = VECTOR ( 'NONE', #1188, 39.37007874015748143 ) ;
#382 = DIRECTION ( 'NONE',  ( 1.000000000000000000, 6.982962677686265922E-15, 0.000000000000000000 ) ) ;
#383 = FACE_OUTER_BOUND ( 'NONE', #678, .T. ) ;
#384 = ORIENTED_EDGE ( 'NONE', *, *, #240, .T. ) ;
#385 = CARTESIAN_POINT ( 'NONE',  ( 0.07086614173228328317, 0.3950117706346376045, 0.2004397175016985888 ) ) ;
#386 = VERTEX_POINT ( 'NONE', #738 ) ;
#387 = CIRCLE ( 'NONE', #1691, 0.003937007874015741038 ) ;
#388 = ORIENTED_EDGE ( 'NONE', *, *, #799, .T. ) ;
#389 = DIRECTION ( 'NONE',  ( -6.982962677686265922E-15, 1.000000000000000000, 0.000000000000000000 ) ) ;
#390 = CARTESIAN_POINT ( 'NONE',  ( 0.005905511811021000798, 0.7493424792960544645, 0.1374477082705492237 ) ) ;
#391 = ORIENTED_EDGE ( 'NONE', *, *, #1517, .T. ) ;
#392 = DIRECTION ( 'NONE',  ( 6.982962677686266711E-15, -1.000000000000000000, 0.000000000000000000 ) ) ;
#393 = DIRECTION ( 'NONE',  ( 6.982962677686265922E-15, -1.000000000000000000, 0.000000000000000000 ) ) ;
#394 = VERTEX_POINT ( 'NONE', #1416 ) ;
#395 = ORIENTED_EDGE ( 'NONE', *, *, #1039, .F. ) ;
#396 = ADVANCED_FACE ( 'NONE', ( #1693, #1268, #463 ), #1273, .T. ) ;
#397 = ORIENTED_EDGE ( 'NONE', *, *, #606, .F. ) ;
#398 = CARTESIAN_POINT ( 'NONE',  ( -0.001968503937010490819, 0.7493424792960544645, 0.1787862909477145879 ) ) ;
#399 = VERTEX_POINT ( 'NONE', #1424 ) ;
#400 = VERTEX_POINT ( 'NONE', #1533 ) ;
#401 = ORIENTED_EDGE ( 'NONE', *, *, #1473, .T. ) ;
#402 = CARTESIAN_POINT ( 'NONE',  ( 0.005905511811021000798, 0.7493424792960544645, 0.1374477082705492237 ) ) ;
#403 = EDGE_CURVE ( 'NONE', #1596, #644, #1750, .T. ) ;
#404 = DIRECTION ( 'NONE',  ( 0.000000000000000000, 0.000000000000000000, 1.000000000000000000 ) ) ;
#405 = ORIENTED_EDGE ( 'NONE', *, *, #881, .F. ) ;
#406 = DIRECTION ( 'NONE',  ( -6.982962677686265922E-15, 1.000000000000000000, 0.000000000000000000 ) ) ;
#407 = VECTOR ( 'NONE', #1241, 39.37007874015748143 ) ;
#408 = CYLINDRICAL_SURFACE ( 'NONE', #1618, 0.003937007874015741038 ) ;
#409 = EDGE_LOOP ( 'NONE', ( #550, #1504, #688, #388, #71 ) ) ;
#410 = ORIENTED_EDGE ( 'NONE', *, *, #1125, .T. ) ;
#411 = ORIENTED_EDGE ( 'NONE', *, *, #1263, .T. ) ;
#412 = CARTESIAN_POINT ( 'NONE',  ( -0.1597170666361235336, 0.3950117706346360502, -0.1740418634276688636 ) ) ;
#413 = EDGE_CURVE ( 'NONE', #399, #100, #1405, .T. ) ;
#414 = UNCERTAINTY_MEASURE_WITH_UNIT (LENGTH_MEASURE( 1.000000000000000082E-05 ), #1519, 'distance_accuracy_value', 'NONE');
#415 = AXIS2_PLACEMENT_3D ( 'NONE', #582, #875, #1015 ) ;
#416 = DIRECTION ( 'NONE',  ( 0.000000000000000000, 0.000000000000000000, -1.000000000000000000 ) ) ;
#417 = DIRECTION ( 'NONE',  ( 0.000000000000000000, 0.000000000000000000, -1.000000000000000000 ) ) ;
#418 = ORIENTED_EDGE ( 'NONE', *, *, #1325, .T. ) ;
#419 = CIRCLE ( 'NONE', #1406, 0.04724409448818899654 ) ;
#420 = ORIENTED_EDGE ( 'NONE', *, *, #1689, .T. ) ;
#421 = EDGE_LOOP ( 'NONE', ( #96, #380, #843, #276 ) ) ;
#422 = DIRECTION ( 'NONE',  ( 1.000000000000000000, 6.982962677686265922E-15, -1.807003620809176604E-16 ) ) ;
#423 = ADVANCED_FACE ( 'NONE', ( #801 ), #1341, .F. ) ;
#424 = EDGE_CURVE ( 'NONE', #386, #750, #793, .T. ) ;
#425 = CARTESIAN_POINT ( 'NONE',  ( -5.517725546476217275E-18, 0.3753267312645583442, 0.000000000000000000 ) ) ;
#426 = ORIENTED_EDGE ( 'NONE', *, *, #1280, .T. ) ;
#427 = EDGE_CURVE ( 'NONE', #1482, #1353, #1203, .T. ) ;
#428 = EDGE_CURVE ( 'NONE', #1029, #1058, #618, .T. ) ;
#429 = ORIENTED_EDGE ( 'NONE', *, *, #148, .T. ) ;
#430 = DIRECTION ( 'NONE',  ( 0.000000000000000000, 0.000000000000000000, -1.000000000000000000 ) ) ;
#431 = DIRECTION ( 'NONE',  ( 0.000000000000000000, 0.000000000000000000, -1.000000000000000000 ) ) ;
#432 = DIRECTION ( 'NONE',  ( 6.982962677686265922E-15, -1.000000000000000000, 0.000000000000000000 ) ) ;
#433 = CIRCLE ( 'NONE', #810, 0.04921259842519685318 ) ;
#434 = CIRCLE ( 'NONE', #521, 0.003937007874015741038 ) ;
#435 = EDGE_CURVE ( 'NONE', #851, #1464, #1437, .T. ) ;
#436 = ADVANCED_FACE ( 'NONE', ( #1193 ), #1317, .F. ) ;
#437 = ORIENTED_EDGE ( 'NONE', *, *, #169, .F. ) ;
#438 = ORIENTED_EDGE ( 'NONE', *, *, #453, .F. ) ;
#439 = DIRECTION ( 'NONE',  ( 0.000000000000000000, 0.000000000000000000, -1.000000000000000000 ) ) ;
#440 = DIRECTION ( 'NONE',  ( -6.982962677686266711E-15, 1.000000000000000000, 0.000000000000000000 ) ) ;
#441 = AXIS2_PLACEMENT_3D ( 'NONE', #1469, #1092, #518 ) ;
#442 = DIRECTION ( 'NONE',  ( -6.982962677686266711E-15, 1.000000000000000000, 0.000000000000000000 ) ) ;
#443 = CARTESIAN_POINT ( 'NONE',  ( -2.799569681784731051E-15, 0.7454054714220387234, -0.2362204724409449341 ) ) ;
#444 = DIRECTION ( 'NONE',  ( -6.982962677686266711E-15, 1.000000000000000000, 0.000000000000000000 ) ) ;
#445 = CLOSED_SHELL ( 'NONE', ( #18, #1598, #1395, #199 ) ) ;
#446 = CARTESIAN_POINT ( 'NONE',  ( -0.001968503937010463497, 0.7493424792960544645, 0.1827232988217303566 ) ) ;
#447 = DIRECTION ( 'NONE',  ( -6.982962677686266711E-15, 1.000000000000000000, 0.000000000000000000 ) ) ;
#448 = PRESENTATION_STYLE_ASSIGNMENT (( #1668 ) ) ;
#449 = EDGE_CURVE ( 'NONE', #261, #386, #954, .T. ) ;
#450 = FACE_OUTER_BOUND ( 'NONE', #928, .T. ) ;
#451 = SHAPE_DEFINITION_REPRESENTATION ( #137, #1516 ) ;
#452 = FACE_OUTER_BOUND ( 'NONE', #214, .T. ) ;
#453 = EDGE_CURVE ( 'NONE', #1632, #1191, #1351, .T. ) ;
#454 = EDGE_CURVE ( 'NONE', #1464, #259, #530, .T. ) ;
#455 = DIRECTION ( 'NONE',  ( -1.000000000000000000, -6.982962677686265922E-15, -0.000000000000000000 ) ) ;
#456 = EDGE_LOOP ( 'NONE', ( #706, #782 ) ) ;
#457 = CARTESIAN_POINT ( 'NONE',  ( -0.2090189581499893867, 0.3753267312645569564, -0.03884797974250138453 ) ) ;
#458 = CARTESIAN_POINT ( 'NONE',  ( -1.798523168650970649E-15, 0.6312322430755821223, 0.04921259842519685318 ) ) ;
#459 = AXIS2_PLACEMENT_3D ( 'NONE', #303, #716, #1248 ) ;
#460 = EDGE_CURVE ( 'NONE', #170, #943, #140, .T. ) ;
#461 = DIRECTION ( 'NONE',  ( 1.000000000000000000, 6.982962677686265922E-15, 0.000000000000000000 ) ) ;
#462 =( NAMED_UNIT ( * ) SI_UNIT ( $, .STERADIAN. ) SOLID_ANGLE_UNIT ( ) );
#463 = FACE_BOUND ( 'NONE', #1446, .T. ) ;
#464 = PRESENTATION_LAYER_ASSIGNMENT (  '', '', ( #494 ) ) ;
#465 = CARTESIAN_POINT ( 'NONE',  ( 0.03543307086613912277, 0.7493424792960546865, 0.1413847161445649647 ) ) ;
#466 = CIRCLE ( 'NONE', #1708, 0.04921259842519685318 ) ;
#467 = ORIENTED_EDGE ( 'NONE', *, *, #78, .T. ) ;
#468 = DIRECTION ( 'NONE',  ( 1.000000000000000000, 6.982962677686265922E-15, 0.000000000000000000 ) ) ;
#469 = VECTOR ( 'NONE', #1282, 39.37007874015748143 ) ;
#470 = AXIS2_PLACEMENT_3D ( 'NONE', #1207, #393, #404 ) ;
#471 = DIRECTION ( 'NONE',  ( 6.982962677686266711E-15, -1.000000000000000000, 0.000000000000000000 ) ) ;
#472 = FACE_OUTER_BOUND ( 'NONE', #825, .T. ) ;
#473 = CARTESIAN_POINT ( 'NONE',  ( -0.03543307086614432000, 0.7493424792960541314, 0.1374477082705492514 ) ) ;
#474 = EDGE_CURVE ( 'NONE', #1648, #705, #855, .T. ) ;
#475 = DIRECTION ( 'NONE',  ( 0.000000000000000000, 0.000000000000000000, 1.000000000000000000 ) ) ;
#476 = AXIS2_PLACEMENT_3D ( 'NONE', #1611, #141, #777 ) ;
#477 = EDGE_CURVE ( 'NONE', #1029, #819, #1082, .T. ) ;
#478 = VERTEX_POINT ( 'NONE', #911 ) ;
#479 = CARTESIAN_POINT ( 'NONE',  ( -2.617255734917324450E-15, 0.7493424792960544645, 0.000000000000000000 ) ) ;
#480 = ADVANCED_FACE ( 'NONE', ( #1070 ), #94, .T. ) ;
#481 = DIRECTION ( 'NONE',  ( 6.982962677686265922E-15, -1.000000000000000000, 0.000000000000000000 ) ) ;
#482 = DIRECTION ( 'NONE',  ( -6.982962677686266711E-15, 1.000000000000000000, 0.000000000000000000 ) ) ;
#483 = ADVANCED_FACE ( 'NONE', ( #1575 ), #1738, .F. ) ;
#484 = DIRECTION ( 'NONE',  ( -6.982962677686266711E-15, 1.000000000000000000, 0.000000000000000000 ) ) ;
#485 = VERTEX_POINT ( 'NONE', #922 ) ;
#486 = CARTESIAN_POINT ( 'NONE',  ( 5.428754221463625247E-16, 0.3950117706346371049, -0.1377952755905512139 ) ) ;
#487 = VECTOR ( 'NONE', #1362, 39.37007874015748143 ) ;
#488 = AXIS2_PLACEMENT_3D ( 'NONE', #664, #1049, #230 ) ;
#489 = FACE_OUTER_BOUND ( 'NONE', #532, .T. ) ;
#490 = DIRECTION ( 'NONE',  ( -1.000000000000000000, -6.982962677686265922E-15, 0.000000000000000000 ) ) ;
#491 = FACE_OUTER_BOUND ( 'NONE', #295, .T. ) ;
#492 = FACE_OUTER_BOUND ( 'NONE', #941, .T. ) ;
#493 = EDGE_LOOP ( 'NONE', ( #426, #790, #1373, #1714 ) ) ;
#494 = STYLED_ITEM ( 'NONE', ( #698 ), #719 ) ;
#495 = CARTESIAN_POINT ( 'NONE',  ( 0.07086614173228342195, 0.3753267312645588438, 0.2004397175016985888 ) ) ;
#496 = EDGE_CURVE ( 'NONE', #1475, #394, #934, .T. ) ;
#497 = PRESENTATION_LAYER_ASSIGNMENT (  '', '', ( #710 ) ) ;
#498 = CARTESIAN_POINT ( 'NONE',  ( 0.005905511811020994727, 0.7493424792960544645, 0.1079201492154311659 ) ) ;
#499 = FACE_OUTER_BOUND ( 'NONE', #235, .T. ) ;
#500 = DIRECTION ( 'NONE',  ( 0.000000000000000000, 0.000000000000000000, -1.000000000000000000 ) ) ;
#501 = SURFACE_STYLE_USAGE ( .BOTH. , #892 ) ;
#502 = CIRCLE ( 'NONE', #1050, 0.2362204724409449341 ) ;
#503 = VERTEX_POINT ( 'NONE', #241 ) ;
#504 = CARTESIAN_POINT ( 'NONE',  ( 0.005905511811021008604, 0.7473739753590465940, 0.1079201492154311520 ) ) ;
#505 = EDGE_CURVE ( 'NONE', #261, #1198, #1329, .T. ) ;
#506 = ORIENTED_EDGE ( 'NONE', *, *, #413, .T. ) ;
#507 = DIRECTION ( 'NONE',  ( 0.000000000000000000, 0.000000000000000000, 1.000000000000000000 ) ) ;
#508 = CARTESIAN_POINT ( 'NONE',  ( -0.001968503937010477375, 0.7473739753590464829, 0.1079201492154311381 ) ) ;
#509 = VERTEX_POINT ( 'NONE', #117 ) ;
#510 = DIRECTION ( 'NONE',  ( 0.000000000000000000, 0.000000000000000000, -1.000000000000000000 ) ) ;
#511 = CARTESIAN_POINT ( 'NONE',  ( -0.07086614173228365787, 0.3950117706346366608, 0.2253399688386486244 ) ) ;
#512 = EDGE_CURVE ( 'NONE', #542, #358, #883, .T. ) ;
#513 = VERTEX_POINT ( 'NONE', #1639 ) ;
#514 = CARTESIAN_POINT ( 'NONE',  ( -0.005905511811026237928, 0.7493424792960544645, 0.1374477082705492514 ) ) ;
#515 = ORIENTED_EDGE ( 'NONE', *, *, #878, .T. ) ;
#516 = ORIENTED_EDGE ( 'NONE', *, *, #56, .T. ) ;
#517 = AXIS2_PLACEMENT_3D ( 'NONE', #868, #994, #1008 ) ;
#518 = DIRECTION ( 'NONE',  ( 1.000000000000000000, 6.982962677686265922E-15, 0.000000000000000000 ) ) ;
#519 = DIRECTION ( 'NONE',  ( -0.8660254037844452579, -6.047423072554960532E-15, -0.4999999999999883427 ) ) ;
#520 = ORIENTED_EDGE ( 'NONE', *, *, #970, .T. ) ;
#521 = AXIS2_PLACEMENT_3D ( 'NONE', #789, #1194, #1319 ) ;
#522 = CARTESIAN_POINT ( 'NONE',  ( 0.005905511811021014676, 0.7473739753590465940, 0.1374477082705492237 ) ) ;
#523 = LINE ( 'NONE', #1345, #1018 ) ;
#524 = CIRCLE ( 'NONE', #459, 0.003937007874015741038 ) ;
#525 = ORIENTED_EDGE ( 'NONE', *, *, #755, .T. ) ;
#526 = EDGE_CURVE ( 'NONE', #1350, #394, #357, .T. ) ;
#527 = DIRECTION ( 'NONE',  ( 0.000000000000000000, 0.000000000000000000, -1.000000000000000000 ) ) ;
#528 = ORIENTED_EDGE ( 'NONE', *, *, #291, .T. ) ;
#529 = VERTEX_POINT ( 'NONE', #831 ) ;
#530 = LINE ( 'NONE', #498, #906 ) ;
#531 = FACE_OUTER_BOUND ( 'NONE', #1624, .T. ) ;
#532 = EDGE_LOOP ( 'NONE', ( #1225, #64 ) ) ;
#533 = DIRECTION ( 'NONE',  ( 0.000000000000000000, 0.000000000000000000, 1.000000000000000000 ) ) ;
#534 = CARTESIAN_POINT ( 'NONE',  ( -5.517725546476217275E-18, 0.3753267312645583442, 0.000000000000000000 ) ) ;
#535 = PRODUCT_DEFINITION ( 'UNKNOWN', '', #566, #175 ) ;
#536 = AXIS2_PLACEMENT_3D ( 'NONE', #534, #280, #268 ) ;
#537 = ORIENTED_EDGE ( 'NONE', *, *, #1521, .T. ) ;
#538 = VERTEX_POINT ( 'NONE', #1223 ) ;
#539 = VECTOR ( 'NONE', #389, 39.37007874015748143 ) ;
#540 = ORIENTED_EDGE ( 'NONE', *, *, #642, .F. ) ;
#541 = CARTESIAN_POINT ( 'NONE',  ( 0.005905511811021014676, 0.7473739753590465940, 0.1374477082705492237 ) ) ;
#542 = VERTEX_POINT ( 'NONE', #1496 ) ;
#543 = ORIENTED_EDGE ( 'NONE', *, *, #987, .T. ) ;
#544 = VERTEX_POINT ( 'NONE', #701 ) ;
#545 = CARTESIAN_POINT ( 'NONE',  ( -0.1381528164177070750, 0.3753267312645574005, -0.1615917377591940818 ) ) ;
#546 = PLANE ( 'NONE',  #1159 ) ;
#547 = ORIENTED_EDGE ( 'NONE', *, *, #1059, .F. ) ;
#548 = LINE ( 'NONE', #1102, #1715 ) ;
#549 = LENGTH_MEASURE_WITH_UNIT ( LENGTH_MEASURE( 0.02539999999999999897 ), #734 );
#550 = ORIENTED_EDGE ( 'NONE', *, *, #1584, .F. ) ;
#551 = AXIS2_PLACEMENT_3D ( 'NONE', #1154, #1005, #1657 ) ;
#552 = CIRCLE ( 'NONE', #266, 0.2362204724409449341 ) ;
#553 = ORIENTED_EDGE ( 'NONE', *, *, #10, .T. ) ;
#554 = CARTESIAN_POINT ( 'NONE',  ( 0.03543307086613912277, 0.7493424792960546865, 0.1413847161445649647 ) ) ;
#555 = DIRECTION ( 'NONE',  ( 2.168404344971011826E-16, 1.514188661106531362E-30, 1.000000000000000000 ) ) ;
#556 = CIRCLE ( 'NONE', #699, 0.003937007874015758385 ) ;
#557 = CIRCLE ( 'NONE', #1076, 0.2244094488188976555 ) ;
#558 = EDGE_CURVE ( 'NONE', #211, #1749, #1358, .T. ) ;
#559 = DIRECTION ( 'NONE',  ( 6.982962677686265922E-15, -1.000000000000000000, 0.000000000000000000 ) ) ;
#560 = DIRECTION ( 'NONE',  ( -6.982962677686266711E-15, 1.000000000000000000, 0.000000000000000000 ) ) ;
#561 = VERTEX_POINT ( 'NONE', #840 ) ;
#562 = ORIENTED_EDGE ( 'NONE', *, *, #1222, .F. ) ;
#563 = CARTESIAN_POINT ( 'NONE',  ( 0.005905511811020992124, 0.7493424792960544645, 0.000000000000000000 ) ) ;
#564 = AXIS2_PLACEMENT_3D ( 'NONE', #1045, #619, #915 ) ;
#565 = EDGE_CURVE ( 'NONE', #763, #1455, #1361, .T. ) ;
#566 = PRODUCT_DEFINITION_FORMATION_WITH_SPECIFIED_SOURCE ( 'ANY', '', #978, .NOT_KNOWN. ) ;
#567 = CARTESIAN_POINT ( 'NONE',  ( 0.07086614173228322766, 0.3950117706346376045, 0.2253399688386486521 ) ) ;
#568 = ORIENTED_EDGE ( 'NONE', *, *, #770, .F. ) ;
#569 = AXIS2_PLACEMENT_3D ( 'NONE', #1542, #581, #1663 ) ;
#570 = ORIENTED_EDGE ( 'NONE', *, *, #1003, .F. ) ;
#571 = ORIENTED_EDGE ( 'NONE', *, *, #903, .T. ) ;
#572 = CARTESIAN_POINT ( 'NONE',  ( -1.792496363537056369E-15, 0.6312322430755821223, 0.000000000000000000 ) ) ;
#573 = CARTESIAN_POINT ( 'NONE',  ( 0.005905511811021023350, 0.7473739753590465940, 0.1787862909477145879 ) ) ;
#574 = VERTEX_POINT ( 'NONE', #1628 ) ;
#575 = ORIENTED_EDGE ( 'NONE', *, *, #799, .F. ) ;
#576 = CYLINDRICAL_SURFACE ( 'NONE', #127, 0.003937007874015741038 ) ;
#577 = AXIS2_PLACEMENT_3D ( 'NONE', #1652, #323, #312 ) ;
#578 = CARTESIAN_POINT ( 'NONE',  ( -0.03543307086614434082, 0.7493424792960541314, 0.1374477082705492514 ) ) ;
#579 = VECTOR ( 'NONE', #490, 39.37007874015748143 ) ;
#580 = AXIS2_PLACEMENT_3D ( 'NONE', #946, #354, #935 ) ;
#581 = DIRECTION ( 'NONE',  ( -6.982962677686266711E-15, 1.000000000000000000, 0.000000000000000000 ) ) ;
#582 = CARTESIAN_POINT ( 'NONE',  ( 0.000000000000000000, 0.000000000000000000, 0.000000000000000000 ) ) ;
#583 = FACE_OUTER_BOUND ( 'NONE', #815, .T. ) ;
#584 = DIRECTION ( 'NONE',  ( 6.982962677686265922E-15, -1.000000000000000000, 0.000000000000000000 ) ) ;
#585 = CIRCLE ( 'NONE', #1594, 0.003937007874015741038 ) ;
#586 = PRODUCT_RELATED_PRODUCT_CATEGORY ( 'part', '', ( #978 ) ) ;
#587 = DIRECTION ( 'NONE',  ( 0.000000000000000000, 0.000000000000000000, -1.000000000000000000 ) ) ;
#588 = EDGE_CURVE ( 'NONE', #1722, #538, #962, .T. ) ;
#589 = EDGE_CURVE ( 'NONE', #661, #644, #1111, .T. ) ;
#590 = AXIS2_PLACEMENT_3D ( 'NONE', #285, #1231, #292 ) ;
#591 = LINE ( 'NONE', #1004, #73 ) ;
#592 = DIRECTION ( 'NONE',  ( -0.5000000000000041078, -3.491481338843161754E-15, -0.8660254037844362651 ) ) ;
#593 = DIRECTION ( 'NONE',  ( 0.5000000000000041078, 3.491481338843161754E-15, 0.8660254037844362651 ) ) ;
#594 = CARTESIAN_POINT ( 'NONE',  ( -0.2305832083684058176, 0.3950117706346354951, -0.05129810541097620802 ) ) ;
#595 = UNCERTAINTY_MEASURE_WITH_UNIT (LENGTH_MEASURE( 1.000000000000000082E-05 ), #757, 'distance_accuracy_value', 'NONE');
#596 =( NAMED_UNIT ( * ) SI_UNIT ( $, .STERADIAN. ) SOLID_ANGLE_UNIT ( ) );
#597 = DIRECTION ( 'NONE',  ( -6.982962677686265922E-15, 1.000000000000000000, 0.000000000000000000 ) ) ;
#598 = DIRECTION ( 'NONE',  ( -6.982962677686266711E-15, 1.000000000000000000, 0.000000000000000000 ) ) ;
#599 = LINE ( 'NONE', #319, #736 ) ;
#600 = EDGE_CURVE ( 'NONE', #682, #333, #548, .T. ) ;
#601 = CARTESIAN_POINT ( 'NONE',  ( -1.429776207765212153E-16, 0.3950117706346371049, 0.000000000000000000 ) ) ;
#602 = LINE ( 'NONE', #1126, #1066 ) ;
#603 = ORIENTED_EDGE ( 'NONE', *, *, #1266, .F. ) ;
#604 = FACE_OUTER_BOUND ( 'NONE', #713, .T. ) ;
#605 = AXIS2_PLACEMENT_3D ( 'NONE', #784, #929, #1336 ) ;
#606 = EDGE_CURVE ( 'NONE', #819, #1724, #502, .T. ) ;
#607 = EDGE_CURVE ( 'NONE', #1058, #1226, #21, .T. ) ;
#608 = CARTESIAN_POINT ( 'NONE',  ( 0.07086614173228328317, 0.3950117706346376045, 0.000000000000000000 ) ) ;
#609 = CARTESIAN_POINT ( 'NONE',  ( 0.2305832083684048739, 0.3950117706346388258, -0.05129810541097928195 ) ) ;
#610 = CARTESIAN_POINT ( 'NONE',  ( 0.03543307086613910889, 0.7493424792960546865, 0.1492587318925965023 ) ) ;
#611 = CARTESIAN_POINT ( 'NONE',  ( -5.517725546476217275E-18, 0.3753267312645583442, 0.000000000000000000 ) ) ;
#612 = ORIENTED_EDGE ( 'NONE', *, *, #908, .T. ) ;
#613 = FACE_OUTER_BOUND ( 'NONE', #1103, .T. ) ;
#614 = CIRCLE ( 'NONE', #786, 0.003937007874015758385 ) ;
#615 = CIRCLE ( 'NONE', #70, 0.2125984251968504324 ) ;
#616 = DIRECTION ( 'NONE',  ( 0.000000000000000000, 0.000000000000000000, -1.000000000000000000 ) ) ;
#617 = CARTESIAN_POINT ( 'NONE',  ( 1.231621331523924692E-15, 0.1981613769338497755, -0.1496062992125984370 ) ) ;
#618 = CIRCLE ( 'NONE', #332, 0.2362204724409449341 ) ;
#619 = DIRECTION ( 'NONE',  ( 6.982962677686265922E-15, -1.000000000000000000, 0.000000000000000000 ) ) ;
#620 = ORIENTED_EDGE ( 'NONE', *, *, #795, .T. ) ;
#621 = EDGE_CURVE ( 'NONE', #161, #1667, #179, .T. ) ;
#622 = CARTESIAN_POINT ( 'NONE',  ( 0.001968503937005256291, 0.7493424792960544645, 0.1787862909477145879 ) ) ;
#623 = CARTESIAN_POINT ( 'NONE',  ( -1.792496363537056369E-15, 0.6312322430755821223, 0.000000000000000000 ) ) ;
#624 = DIRECTION ( 'NONE',  ( 1.000000000000000000, 6.982962677686265922E-15, 0.000000000000000000 ) ) ;
#625 = DIRECTION ( 'NONE',  ( 6.982962677686265922E-15, -1.000000000000000000, 0.000000000000000000 ) ) ;
#626 = ORIENTED_EDGE ( 'NONE', *, *, #75, .T. ) ;
#627 = CARTESIAN_POINT ( 'NONE',  ( -1.792496363537056369E-15, 0.6312322430755821223, -0.04921259842519685318 ) ) ;
#628 = AXIS2_PLACEMENT_3D ( 'NONE', #508, #1057, #369 ) ;
#629 = DIRECTION ( 'NONE',  ( -8.881784197001252323E-16, 0.000000000000000000, -1.000000000000000000 ) ) ;
#630 = CARTESIAN_POINT ( 'NONE',  ( -0.005905511811026225785, 0.7473739753590464829, 0.1492587318925965023 ) ) ;
#631 = UNCERTAINTY_MEASURE_WITH_UNIT (LENGTH_MEASURE( 1.000000000000000082E-05 ), #847, 'distance_accuracy_value', 'NONE');
#632 = DIRECTION ( 'NONE',  ( 1.000000000000000000, 6.982962677686265922E-15, 0.000000000000000000 ) ) ;
#633 = DIRECTION ( 'NONE',  ( 0.000000000000000000, 0.000000000000000000, 1.000000000000000000 ) ) ;
#634 = ORIENTED_EDGE ( 'NONE', *, *, #217, .F. ) ;
#635 = AXIS2_PLACEMENT_3D ( 'NONE', #572, #846, #430 ) ;
#636 = DIRECTION ( 'NONE',  ( -6.982962677686266711E-15, 1.000000000000000000, 0.000000000000000000 ) ) ;
#637 = EDGE_CURVE ( 'NONE', #100, #116, #1645, .T. ) ;
#638 = ORIENTED_EDGE ( 'NONE', *, *, #1263, .F. ) ;
#639 = ADVANCED_FACE ( 'NONE', ( #723 ), #1380, .F. ) ;
#640 = AXIS2_PLACEMENT_3D ( 'NONE', #601, #482, #1675 ) ;
#641 = CARTESIAN_POINT ( 'NONE',  ( -0.001968503937010490819, 0.7493424792960544645, 0.1079201492154311381 ) ) ;
#642 = EDGE_CURVE ( 'NONE', #682, #161, #524, .T. ) ;
#643 = CYLINDRICAL_SURFACE ( 'NONE', #1581, 0.01181102362204722485 ) ;
#644 = VERTEX_POINT ( 'NONE', #34 ) ;
#645 = DIRECTION ( 'NONE',  ( 0.000000000000000000, 0.000000000000000000, -1.000000000000000000 ) ) ;
#646 = PLANE ( 'NONE',  #564 ) ;
#647 = VECTOR ( 'NONE', #1459, 39.37007874015748143 ) ;
#648 = ORIENTED_EDGE ( 'NONE', *, *, #691, .F. ) ;
#649 = LINE ( 'NONE', #1190, #316 ) ;
#650 = VECTOR ( 'NONE', #1682, 39.37007874015748143 ) ;
#651 = EDGE_LOOP ( 'NONE', ( #1591, #1554, #1202, #1498 ) ) ;
#652 = ORIENTED_EDGE ( 'NONE', *, *, #1325, .F. ) ;
#653 = DIRECTION ( 'NONE',  ( -6.982962677686266711E-15, 1.000000000000000000, 0.000000000000000000 ) ) ;
#654 = FACE_OUTER_BOUND ( 'NONE', #1019, .T. ) ;
#655 = ORIENTED_EDGE ( 'NONE', *, *, #1182, .T. ) ;
#656 = CARTESIAN_POINT ( 'NONE',  ( -2.630991976713768191E-15, 0.7493424792960544645, -0.2244094488188976555 ) ) ;
#657 = LINE ( 'NONE', #827, #1243 ) ;
#658 = EDGE_LOOP ( 'NONE', ( #1084, #1073, #1035, #1741 ) ) ;
#659 = DIRECTION ( 'NONE',  ( -0.8660254037844434816, -6.047423072554947910E-15, -0.4999999999999913403 ) ) ;
#660 = ORIENTED_EDGE ( 'NONE', *, *, #1003, .T. ) ;
#661 = VERTEX_POINT ( 'NONE', #732 ) ;
#662 = COLOUR_RGB ( '',0.7921568627450980005, 0.8196078431372548767, 0.9333333333333333481 ) ;
#663 = DIRECTION ( 'NONE',  ( 0.000000000000000000, 0.000000000000000000, -1.000000000000000000 ) ) ;
#664 = CARTESIAN_POINT ( 'NONE',  ( -2.617255734917324450E-15, 0.7493424792960544645, 0.000000000000000000 ) ) ;
#665 = ORIENTED_EDGE ( 'NONE', *, *, #477, .T. ) ;
#666 = ADVANCED_FACE ( 'NONE', ( #40 ), #576, .F. ) ;
#667 = DIRECTION ( 'NONE',  ( -1.000000000000000000, -6.982962677686265922E-15, 0.000000000000000000 ) ) ;
#668 = DIRECTION ( 'NONE',  ( 6.982962677686266711E-15, -1.000000000000000000, 0.000000000000000000 ) ) ;
#669 = ADVANCED_FACE ( 'NONE', ( #583, #1520 ), #1137, .F. ) ;
#670 = ORIENTED_EDGE ( 'NONE', *, *, #908, .F. ) ;
#671 = LINE ( 'NONE', #1210, #1302 ) ;
#672 = EDGE_CURVE ( 'NONE', #953, #561, #1038, .T. ) ;
#673 = AXIS2_PLACEMENT_3D ( 'NONE', #17, #1729, #1592 ) ;
#674 = EDGE_LOOP ( 'NONE', ( #741, #31, #1377, #391 ) ) ;
#675 = ORIENTED_EDGE ( 'NONE', *, *, #637, .F. ) ;
#676 = DIRECTION ( 'NONE',  ( 0.000000000000000000, 0.000000000000000000, -1.000000000000000000 ) ) ;
#677 = DIRECTION ( 'NONE',  ( -6.982962677686266711E-15, 1.000000000000000000, 0.000000000000000000 ) ) ;
#678 = EDGE_LOOP ( 'NONE', ( #376, #665, #1312, #1733, #24, #1527, #112, #520, #32, #794 ) ) ;
#679 = ORIENTED_EDGE ( 'NONE', *, *, #1570, .F. ) ;
#680 = CARTESIAN_POINT ( 'NONE',  ( -0.2305832083684056788, 0.3753267312645567344, -0.05129810541097620108 ) ) ;
#681 = LINE ( 'NONE', #1593, #1288 ) ;
#682 = VERTEX_POINT ( 'NONE', #865 ) ;
#683 = ORIENTED_EDGE ( 'NONE', *, *, #496, .F. ) ;
#684 = DIRECTION ( 'NONE',  ( -6.982962677686265922E-15, 1.000000000000000000, 0.000000000000000000 ) ) ;
#685 = CYLINDRICAL_SURFACE ( 'NONE', #1170, 0.003937007874015758385 ) ;
#686 = ORIENTED_EDGE ( 'NONE', *, *, #1595, .T. ) ;
#687 = APPLICATION_CONTEXT ( 'automotive_design' ) ;
#688 = ORIENTED_EDGE ( 'NONE', *, *, #1295, .T. ) ;
#689 = LINE ( 'NONE', #1756, #1134 ) ;
#690 = DIRECTION ( 'NONE',  ( 1.000000000000000000, 6.982962677686265922E-15, -2.168404344971011826E-16 ) ) ;
#691 = EDGE_CURVE ( 'NONE', #485, #1277, #968, .T. ) ;
#692 = DIRECTION ( 'NONE',  ( 0.000000000000000000, 0.000000000000000000, -1.000000000000000000 ) ) ;
#693 = CARTESIAN_POINT ( 'NONE',  ( 0.001968503937005247183, 0.7493424792960544645, 0.1039831413414153971 ) ) ;
#694 = EDGE_LOOP ( 'NONE', ( #1130, #1712 ) ) ;
#695 = VECTOR ( 'NONE', #455, 39.37007874015748143 ) ;
#696 = ORIENTED_EDGE ( 'NONE', *, *, #1347, .T. ) ;
#697 = FACE_OUTER_BOUND ( 'NONE', #339, .T. ) ;
#698 = PRESENTATION_STYLE_ASSIGNMENT (( #155 ) ) ;
#699 = AXIS2_PLACEMENT_3D ( 'NONE', #101, #1734, #527 ) ;
#700 = CIRCLE ( 'NONE', #1679, 0.003937007874015741038 ) ;
#701 = CARTESIAN_POINT ( 'NONE',  ( -1.720304768230477110E-16, 0.3950117706346371049, 0.1377952755905511861 ) ) ;
#702 = VECTOR ( 'NONE', #1451, 39.37007874015748143 ) ;
#703 = CARTESIAN_POINT ( 'NONE',  ( 0.001968503937005247183, 0.7493424792960544645, 0.1079201492154311381 ) ) ;
#704 = EDGE_LOOP ( 'NONE', ( #807, #1328, #1643, #924 ) ) ;
#705 = VERTEX_POINT ( 'NONE', #1117 ) ;
#706 = ORIENTED_EDGE ( 'NONE', *, *, #1163, .F. ) ;
#707 = CARTESIAN_POINT ( 'NONE',  ( -2.623041467826682144E-15, 0.7493424792960544645, 0.1905973145697618665 ) ) ;
#708 = ADVANCED_FACE ( 'NONE', ( #993 ), #1512, .F. ) ;
#709 = CARTESIAN_POINT ( 'NONE',  ( 0.03937007874015487074, 0.7493424792960546865, 0.1453217240185807058 ) ) ;
#710 = STYLED_ITEM ( 'NONE', ( #1579 ), #176 ) ;
#711 = DIRECTION ( 'NONE',  ( -8.881784197001252323E-16, 0.000000000000000000, -1.000000000000000000 ) ) ;
#712 = AXIS2_PLACEMENT_3D ( 'NONE', #1474, #792, #1485 ) ;
#713 = EDGE_LOOP ( 'NONE', ( #1718, #129, #1505, #283 ) ) ;
#714 = ORIENTED_EDGE ( 'NONE', *, *, #600, .T. ) ;
#715 = ORIENTED_EDGE ( 'NONE', *, *, #969, .F. ) ;
#716 = DIRECTION ( 'NONE',  ( -6.982962677686266711E-15, 1.000000000000000000, 0.000000000000000000 ) ) ;
#717 = ADVANCED_FACE ( 'NONE', ( #45 ), #183, .F. ) ;
#718 = CYLINDRICAL_SURFACE ( 'NONE', #156, 0.2362204724409449341 ) ;
#719 = MANIFOLD_SOLID_BREP ( '凸台-拉伸5', #858 ) ;
#720 = ORIENTED_EDGE ( 'NONE', *, *, #217, .T. ) ;
#721 = CARTESIAN_POINT ( 'NONE',  ( -0.03937007874016009573, 0.7493424792960541314, 0.1413847161445650202 ) ) ;
#722 = PLANE ( 'NONE',  #869 ) ;
#723 = FACE_OUTER_BOUND ( 'NONE', #421, .T. ) ;
#724 = ADVANCED_FACE ( 'NONE', ( #1703 ), #1187, .F. ) ;
#725 =( GEOMETRIC_REPRESENTATION_CONTEXT ( 3 ) GLOBAL_UNCERTAINTY_ASSIGNED_CONTEXT ( ( #347 ) ) GLOBAL_UNIT_ASSIGNED_CONTEXT ( ( #49, #832, #596 ) ) REPRESENTATION_CONTEXT ( 'NONE', 'WORKASPACE' ) );
#726 = FACE_OUTER_BOUND ( 'NONE', #1104, .T. ) ;
#727 = LINE ( 'NONE', #511, #1559 ) ;
#728 = EDGE_CURVE ( 'NONE', #400, #1648, #891, .T. ) ;
#729 = EDGE_CURVE ( 'NONE', #1455, #1067, #1108, .T. ) ;
#730 = LINE ( 'NONE', #39, #1513 ) ;
#731 = VECTOR ( 'NONE', #1011, 39.37007874015748143 ) ;
#732 = CARTESIAN_POINT ( 'NONE',  ( 0.03543307086613910889, 0.7493424792960546865, 0.1374477082705492237 ) ) ;
#733 = FACE_OUTER_BOUND ( 'NONE', #674, .T. ) ;
#734 =( LENGTH_UNIT ( ) NAMED_UNIT ( * ) SI_UNIT ( $, .METRE. ) );
#735 = LINE ( 'NONE', #1374, #960 ) ;
#736 = VECTOR ( 'NONE', #1385, 39.37007874015748143 ) ;
#737 = FACE_OUTER_BOUND ( 'NONE', #884, .T. ) ;
#738 = CARTESIAN_POINT ( 'NONE',  ( -0.005905511811026236194, 0.7493424792960544645, 0.1079201492154311520 ) ) ;
#739 = DIRECTION ( 'NONE',  ( 0.000000000000000000, 0.000000000000000000, -1.000000000000000000 ) ) ;
#740 = EDGE_CURVE ( 'NONE', #1425, #1205, #1258, .T. ) ;
#741 = ORIENTED_EDGE ( 'NONE', *, *, #460, .F. ) ;
#742 = CYLINDRICAL_SURFACE ( 'NONE', #773, 0.05905511811023624047 ) ;
#743 = ADVANCED_FACE ( 'NONE', ( #363 ), #1060, .T. ) ;
#744 = CARTESIAN_POINT ( 'NONE',  ( 0.005905511811021004268, 0.7493424792960544645, 0.1787862909477145601 ) ) ;
#745 = CYLINDRICAL_SURFACE ( 'NONE', #569, 0.01181102362204724046 ) ;
#746 = CARTESIAN_POINT ( 'NONE',  ( 0.2090189581499889149, 0.3753267312645597875, -0.03884797974250418090 ) ) ;
#747 = EDGE_CURVE ( 'NONE', #1209, #913, #848, .T. ) ;
#748 = CARTESIAN_POINT ( 'NONE',  ( 0.07086614173228342195, 0.3753267312645588438, 0.2253399688386486521 ) ) ;
#749 = VECTOR ( 'NONE', #871, 39.37007874015748143 ) ;
#750 = VERTEX_POINT ( 'NONE', #371 ) ;
#751 = CARTESIAN_POINT ( 'NONE',  ( 0.03937007874015487768, 0.7473739753590469270, 0.1413847161445650202 ) ) ;
#752 = DIRECTION ( 'NONE',  ( -1.000000000000000000, -6.982962677686265922E-15, -0.000000000000000000 ) ) ;
#753 = DIRECTION ( 'NONE',  ( 0.000000000000000000, 0.000000000000000000, -1.000000000000000000 ) ) ;
#754 = AXIS2_PLACEMENT_3D ( 'NONE', #1440, #63, #645 ) ;
#755 = EDGE_CURVE ( 'NONE', #1479, #529, #1161, .T. ) ;
#756 = LINE ( 'NONE', #224, #1236 ) ;
#757 =( CONVERSION_BASED_UNIT ( 'INCH', #77 ) LENGTH_UNIT ( ) NAMED_UNIT ( #1515 ) );
#758 = ORIENTED_EDGE ( 'NONE', *, *, #1166, .T. ) ;
#759 = LINE ( 'NONE', #1555, #269 ) ;
#760 = DIRECTION ( 'NONE',  ( -6.982962677686266711E-15, 1.000000000000000000, 0.000000000000000000 ) ) ;
#761 = VECTOR ( 'NONE', #213, 39.37007874015748143 ) ;
#762 =( LENGTH_UNIT ( ) NAMED_UNIT ( * ) SI_UNIT ( $, .METRE. ) );
#763 = VERTEX_POINT ( 'NONE', #1433 ) ;
#764 = CARTESIAN_POINT ( 'NONE',  ( 0.2090189581499889149, 0.3753267312645597875, -0.03884797974250418090 ) ) ;
#765 = DIRECTION ( 'NONE',  ( 6.982962677686266711E-15, -1.000000000000000000, 0.000000000000000000 ) ) ;
#766 = CARTESIAN_POINT ( 'NONE',  ( -2.589763755871315225E-15, 0.7454054714220387234, 0.2244094488188976555 ) ) ;
#767 = PLANE ( 'NONE',  #1739 ) ;
#768 = CARTESIAN_POINT ( 'NONE',  ( -0.03937007874016008879, 0.7473739753590463719, 0.1453217240185807058 ) ) ;
#769 = ADVANCED_FACE ( 'NONE', ( #1686 ), #337, .T. ) ;
#770 = EDGE_CURVE ( 'NONE', #1610, #1722, #756, .T. ) ;
#771 = ORIENTED_EDGE ( 'NONE', *, *, #496, .T. ) ;
#772 = DIRECTION ( 'NONE',  ( 6.982962677686265922E-15, -1.000000000000000000, 0.000000000000000000 ) ) ;
#773 = AXIS2_PLACEMENT_3D ( 'NONE', #1414, #1271, #902 ) ;
#774 = ADVANCED_FACE ( 'NONE', ( #491 ), #1578, .T. ) ;
#775 = EDGE_CURVE ( 'NONE', #1364, #1632, #700, .T. ) ;
#776 = AXIS2_PLACEMENT_3D ( 'NONE', #132, #1603, #1184 ) ;
#777 = DIRECTION ( 'NONE',  ( 0.000000000000000000, 0.000000000000000000, -1.000000000000000000 ) ) ;
#778 = CYLINDRICAL_SURFACE ( 'NONE', #580, 0.01181102362204724046 ) ;
#779 = ORIENTED_EDGE ( 'NONE', *, *, #588, .F. ) ;
#780 = CARTESIAN_POINT ( 'NONE',  ( -2.617255734917324450E-15, 0.7493424792960544645, 0.1374477082705492514 ) ) ;
#781 = CARTESIAN_POINT ( 'NONE',  ( -0.2090189581499895255, 0.3950117706346357727, -0.03884797974250138453 ) ) ;
#782 = ORIENTED_EDGE ( 'NONE', *, *, #346, .F. ) ;
#783 = AXIS2_PLACEMENT_3D ( 'NONE', #1365, #1633, #957 ) ;
#784 = CARTESIAN_POINT ( 'NONE',  ( -2.617255734917324450E-15, 0.7493424792960544645, 0.1433532200815728630 ) ) ;
#785 = VERTEX_POINT ( 'NONE', #1310 ) ;
#786 = AXIS2_PLACEMENT_3D ( 'NONE', #349, #225, #900 ) ;
#787 = ORIENTED_EDGE ( 'NONE', *, *, #987, .F. ) ;
#788 = CARTESIAN_POINT ( 'NONE',  ( 0.03543307086613908807, 0.7493424792960546865, 0.1492587318925965023 ) ) ;
#789 = CARTESIAN_POINT ( 'NONE',  ( 0.001968503937005261061, 0.7473739753590465940, 0.1079201492154311381 ) ) ;
#790 = ORIENTED_EDGE ( 'NONE', *, *, #81, .F. ) ;
#791 = FACE_OUTER_BOUND ( 'NONE', #1080, .T. ) ;
#792 = DIRECTION ( 'NONE',  ( 6.982962677686265922E-15, -1.000000000000000000, 0.000000000000000000 ) ) ;
#793 = CIRCLE ( 'NONE', #1290, 0.003937007874015741038 ) ;
#794 = ORIENTED_EDGE ( 'NONE', *, *, #173, .T. ) ;
#795 = EDGE_CURVE ( 'NONE', #1122, #271, #1560, .T. ) ;
#796 = DIRECTION ( 'NONE',  ( -6.982962677686265922E-15, 1.000000000000000000, 0.000000000000000000 ) ) ;
#797 = AXIS2_PLACEMENT_3D ( 'NONE', #318, #60, #461 ) ;
#798 = EDGE_LOOP ( 'NONE', ( #115, #1246, #1121, #1090 ) ) ;
#799 = EDGE_CURVE ( 'NONE', #1353, #1058, #1156, .T. ) ;
#800 = VERTEX_POINT ( 'NONE', #1028 ) ;
#801 = FACE_OUTER_BOUND ( 'NONE', #1745, .T. ) ;
#802 = DIRECTION ( 'NONE',  ( -6.982962677686265922E-15, 1.000000000000000000, 0.000000000000000000 ) ) ;
#803 = ORIENTED_EDGE ( 'NONE', *, *, #526, .F. ) ;
#804 = DIRECTION ( 'NONE',  ( 6.982962677686265922E-15, -1.000000000000000000, 0.000000000000000000 ) ) ;
#805 = EDGE_CURVE ( 'NONE', #705, #1648, #557, .T. ) ;
#806 = CARTESIAN_POINT ( 'NONE',  ( 0.03937007874015487768, 0.7473739753590469270, 0.1453217240185807335 ) ) ;
#807 = ORIENTED_EDGE ( 'NONE', *, *, #1037, .F. ) ;
#808 = LINE ( 'NONE', #514, #1101 ) ;
#809 = ORIENTED_EDGE ( 'NONE', *, *, #607, .T. ) ;
#810 = AXIS2_PLACEMENT_3D ( 'NONE', #479, #1278, #57 ) ;
#811 = EDGE_LOOP ( 'NONE', ( #405, #1449 ) ) ;
#812 = AXIS2_PLACEMENT_3D ( 'NONE', #373, #249, #1199 ) ;
#813 = DIRECTION ( 'NONE',  ( 6.982962677686266711E-15, -1.000000000000000000, 0.000000000000000000 ) ) ;
#814 = DIRECTION ( 'NONE',  ( 1.000000000000000000, 6.982962677686265922E-15, 0.000000000000000000 ) ) ;
#815 = EDGE_LOOP ( 'NONE', ( #679, #397 ) ) ;
#816 = CYLINDRICAL_SURFACE ( 'NONE', #673, 0.2125984251968504324 ) ;
#817 = CARTESIAN_POINT ( 'NONE',  ( 0.03937007874015487074, 0.7493424792960546865, 0.1413847161445649925 ) ) ;
#818 = COLOUR_RGB ( '',0.7921568627450980005, 0.8196078431372548767, 0.9333333333333333481 ) ;
#819 = VERTEX_POINT ( 'NONE', #1426 ) ;
#820 = ORIENTED_EDGE ( 'NONE', *, *, #1536, .F. ) ;
#821 = CARTESIAN_POINT ( 'NONE',  ( -0.03937007874016009573, 0.7493424792960541314, 0.000000000000000000 ) ) ;
#822 = CIRCLE ( 'NONE', #640, 0.2362204724409449341 ) ;
#823 = ADVANCED_FACE ( 'NONE', ( #215 ), #767, .F. ) ;
#824 = VERTEX_POINT ( 'NONE', #837 ) ;
#825 = EDGE_LOOP ( 'NONE', ( #675, #167, #196, #153 ) ) ;
#826 = DIRECTION ( 'NONE',  ( -6.982962677686265922E-15, 1.000000000000000000, 0.000000000000000000 ) ) ;
#827 = CARTESIAN_POINT ( 'NONE',  ( -2.617255734917324450E-15, 0.7493424792960544645, 0.1827232988217303566 ) ) ;
#828 = AXIS2_PLACEMENT_3D ( 'NONE', #1390, #1025, #201 ) ;
#829 = VECTOR ( 'NONE', #150, 39.37007874015748143 ) ;
#830 = VERTEX_POINT ( 'NONE', #257 ) ;
#831 = CARTESIAN_POINT ( 'NONE',  ( 0.001968503937005241979, 0.7493424792960544645, 0.1827232988217303566 ) ) ;
#832 =( NAMED_UNIT ( * ) PLANE_ANGLE_UNIT ( ) SI_UNIT ( $, .RADIAN. ) );
#833 = ORIENTED_EDGE ( 'NONE', *, *, #454, .F. ) ;
#834 = ORIENTED_EDGE ( 'NONE', *, *, #589, .F. ) ;
#835 = ADVANCED_FACE ( 'NONE', ( #1235 ), #1216, .F. ) ;
#836 = ORIENTED_EDGE ( 'NONE', *, *, #691, .T. ) ;
#837 = CARTESIAN_POINT ( 'NONE',  ( -0.005905511811026226653, 0.7473739753590464829, 0.1787862909477145879 ) ) ;
#838 = SURFACE_STYLE_FILL_AREA ( #290 ) ;
#839 = ADVANCED_FACE ( 'NONE', ( #697 ), #816, .F. ) ;
#840 = CARTESIAN_POINT ( 'NONE',  ( -2.617255734917324450E-15, 0.7493424792960544645, 0.08429810197133663641 ) ) ;
#841 = LINE ( 'NONE', #1640, #297 ) ;
#842 = ORIENTED_EDGE ( 'NONE', *, *, #512, .T. ) ;
#843 = ORIENTED_EDGE ( 'NONE', *, *, #1671, .F. ) ;
#844 = AXIS2_PLACEMENT_3D ( 'NONE', #365, #352, #340 ) ;
#845 = ORIENTED_EDGE ( 'NONE', *, *, #621, .T. ) ;
#846 = DIRECTION ( 'NONE',  ( -6.982962677686266711E-15, 1.000000000000000000, 0.000000000000000000 ) ) ;
#847 =( CONVERSION_BASED_UNIT ( 'INCH', #1501 ) LENGTH_UNIT ( ) NAMED_UNIT ( #48 ) );
#848 = CIRCLE ( 'NONE', #754, 0.05905511811023624047 ) ;
#849 = ADVANCED_FACE ( 'NONE', ( #1616 ), #1116, .F. ) ;
#850 = ORIENTED_EDGE ( 'NONE', *, *, #970, .F. ) ;
#851 = VERTEX_POINT ( 'NONE', #522 ) ;
#852 = VECTOR ( 'NONE', #633, 39.37007874015748143 ) ;
#853 = DIRECTION ( 'NONE',  ( -6.982962677686265922E-15, 1.000000000000000000, 0.000000000000000000 ) ) ;
#854 = PLANE ( 'NONE',  #58 ) ;
#855 = CIRCLE ( 'NONE', #1321, 0.2244094488188976555 ) ;
#856 = EDGE_CURVE ( 'NONE', #1425, #152, #689, .T. ) ;
#857 = VERTEX_POINT ( 'NONE', #545 ) ;
#858 = CLOSED_SHELL ( 'NONE', ( #1601, #774, #147, #743 ) ) ;
#859 = ORIENTED_EDGE ( 'NONE', *, *, #1637, .F. ) ;
#860 = DIRECTION ( 'NONE',  ( 6.982962677686266711E-15, -1.000000000000000000, 0.000000000000000000 ) ) ;
#861 = EDGE_CURVE ( 'NONE', #302, #1604, #1472, .T. ) ;
#862 = CARTESIAN_POINT ( 'NONE',  ( -1.429776207765212153E-16, 0.3950117706346371049, 0.000000000000000000 ) ) ;
#863 = ORIENTED_EDGE ( 'NONE', *, *, #1110, .F. ) ;
#864 =( NAMED_UNIT ( * ) PLANE_ANGLE_UNIT ( ) SI_UNIT ( $, .RADIAN. ) );
#865 = CARTESIAN_POINT ( 'NONE',  ( 0.03543307086613912277, 0.7473739753590468160, 0.1492587318925965023 ) ) ;
#866 = VECTOR ( 'NONE', #752, 39.37007874015748143 ) ;
#867 = AXIS2_PLACEMENT_3D ( 'NONE', #1680, #1539, #66 ) ;
#868 = CARTESIAN_POINT ( 'NONE',  ( 0.03937007874015487074, 0.7493424792960546865, 0.1413847161445650202 ) ) ;
#869 = AXIS2_PLACEMENT_3D ( 'NONE', #1255, #592, #1543 ) ;
#870 = EDGE_CURVE ( 'NONE', #259, #979, #1227, .T. ) ;
#871 = DIRECTION ( 'NONE',  ( -6.982962677686265922E-15, 1.000000000000000000, 0.000000000000000000 ) ) ;
#872 = LINE ( 'NONE', #188, #1237 ) ;
#873 = DIRECTION ( 'NONE',  ( -0.8660254037844362651, -6.047423072554896634E-15, 0.5000000000000041078 ) ) ;
#874 = AXIS2_PLACEMENT_3D ( 'NONE', #744, #422, #975 ) ;
#875 = DIRECTION ( 'NONE',  ( 0.000000000000000000, 0.000000000000000000, 1.000000000000000000 ) ) ;
#876 = DIRECTION ( 'NONE',  ( -3.614007241618350989E-17, -2.523647768510883706E-31, -1.000000000000000000 ) ) ;
#877 = DIRECTION ( 'NONE',  ( 0.000000000000000000, 0.000000000000000000, -1.000000000000000000 ) ) ;
#878 = EDGE_CURVE ( 'NONE', #851, #979, #925, .T. ) ;
#879 = EDGE_LOOP ( 'NONE', ( #1468, #575, #55, #272 ) ) ;
#880 = CARTESIAN_POINT ( 'NONE',  ( -5.517725546476217275E-18, 0.3753267312645583442, 0.000000000000000000 ) ) ;
#881 = EDGE_CURVE ( 'NONE', #1067, #1455, #1175, .T. ) ;
#882 = FACE_OUTER_BOUND ( 'NONE', #1270, .T. ) ;
#883 = CIRCLE ( 'NONE', #1540, 0.04724409448818899654 ) ;
#884 = EDGE_LOOP ( 'NONE', ( #787, #909, #1499, #1240 ) ) ;
#885 = DIRECTION ( 'NONE',  ( -6.982962677686266711E-15, 1.000000000000000000, 0.000000000000000000 ) ) ;
#886 = FACE_OUTER_BOUND ( 'NONE', #252, .T. ) ;
#887 = EDGE_LOOP ( 'NONE', ( #238, #648, #306, #377 ) ) ;
#888 = FACE_OUTER_BOUND ( 'NONE', #798, .T. ) ;
#889 = EDGE_CURVE ( 'NONE', #1492, #170, #1462, .T. ) ;
#890 = FACE_OUTER_BOUND ( 'NONE', #951, .T. ) ;
#891 = LINE ( 'NONE', #914, #237 ) ;
#892 = SURFACE_SIDE_STYLE ('',( #1662 ) ) ;
#893 = AXIS2_PLACEMENT_3D ( 'NONE', #1172, #772, #1547 ) ;
#894 = EDGE_LOOP ( 'NONE', ( #1413, #1728, #982, #1471 ) ) ;
#895 = DIRECTION ( 'NONE',  ( -6.982962677686266711E-15, 1.000000000000000000, 0.000000000000000000 ) ) ;
#896 = AXIS2_PLACEMENT_3D ( 'NONE', #390, #1470, #814 ) ;
#897 = DIRECTION ( 'NONE',  ( -6.982962677686265922E-15, 1.000000000000000000, 0.000000000000000000 ) ) ;
#898 = AXIS2_PLACEMENT_3D ( 'NONE', #617, #1411, #624 ) ;
#899 = DIRECTION ( 'NONE',  ( 0.000000000000000000, 0.000000000000000000, 1.000000000000000000 ) ) ;
#900 = DIRECTION ( 'NONE',  ( 0.000000000000000000, 0.000000000000000000, -1.000000000000000000 ) ) ;
#901 = ORIENTED_EDGE ( 'NONE', *, *, #1570, .T. ) ;
#902 = DIRECTION ( 'NONE',  ( 0.000000000000000000, 0.000000000000000000, -1.000000000000000000 ) ) ;
#903 = EDGE_CURVE ( 'NONE', #302, #1364, #1332, .T. ) ;
#904 = CARTESIAN_POINT ( 'NONE',  ( -0.1381528164177070750, 0.3753267312645574005, -0.1615917377591940818 ) ) ;
#905 = DIRECTION ( 'NONE',  ( -6.982962677686266711E-15, 1.000000000000000000, 0.000000000000000000 ) ) ;
#906 = VECTOR ( 'NONE', #684, 39.37007874015748143 ) ;
#907 = CARTESIAN_POINT ( 'NONE',  ( -0.005905511811026223183, 0.7473739753590464829, 0.1079201492154311520 ) ) ;
#908 = EDGE_CURVE ( 'NONE', #271, #386, #1344, .T. ) ;
#909 = ORIENTED_EDGE ( 'NONE', *, *, #747, .F. ) ;
#910 = DIRECTION ( 'NONE',  ( -6.982962677686265922E-15, 1.000000000000000000, 0.000000000000000000 ) ) ;
#911 = CARTESIAN_POINT ( 'NONE',  ( 7.319491384679135451E-16, 0.1391062588236135489, 0.1377952755905511861 ) ) ;
#912 = CARTESIAN_POINT ( 'NONE',  ( 0.03543307086613912277, 0.7493424792960546865, 0.1453217240185807613 ) ) ;
#913 = VERTEX_POINT ( 'NONE', #267 ) ;
#914 = CARTESIAN_POINT ( 'NONE',  ( -2.617255734917324450E-15, 0.7493424792960544645, 0.2244094488188976555 ) ) ;
#915 = DIRECTION ( 'NONE',  ( 1.000000000000000000, 6.982962677686265922E-15, 0.000000000000000000 ) ) ;
#916 = ORIENTED_EDGE ( 'NONE', *, *, #1620, .T. ) ;
#917 = EDGE_CURVE ( 'NONE', #1221, #1055, #967, .T. ) ;
#918 = ADVANCED_FACE ( 'NONE', ( #791 ), #1742, .F. ) ;
#919 = CARTESIAN_POINT ( 'NONE',  ( -0.03543307086614435469, 0.7493424792960541314, 0.1413847161445649925 ) ) ;
#920 = AXIS2_PLACEMENT_3D ( 'NONE', #880, #1404, #1224 ) ;
#921 = EDGE_LOOP ( 'NONE', ( #1755, #125, #1363, #571 ) ) ;
#922 = CARTESIAN_POINT ( 'NONE',  ( 0.001968503937005261061, 0.7473739753590465940, 0.1039831413414153971 ) ) ;
#923 = CARTESIAN_POINT ( 'NONE',  ( -5.517725546476217275E-18, 0.3753267312645583442, 0.000000000000000000 ) ) ;
#924 = ORIENTED_EDGE ( 'NONE', *, *, #1486, .T. ) ;
#925 = LINE ( 'NONE', #402, #1707 ) ;
#926 = CARTESIAN_POINT ( 'NONE',  ( -0.07086614173228347746, 0.3753267312645579001, 0.2004397175016985611 ) ) ;
#927 = EDGE_CURVE ( 'NONE', #661, #144, #1529, .T. ) ;
#928 = EDGE_LOOP ( 'NONE', ( #652, #1, #437, #836 ) ) ;
#929 = DIRECTION ( 'NONE',  ( 6.982962677686266711E-15, -1.000000000000000000, 0.000000000000000000 ) ) ;
#930 = ORIENTED_EDGE ( 'NONE', *, *, #965, .T. ) ;
#931 = AXIS2_PLACEMENT_3D ( 'NONE', #926, #1704, #233 ) ;
#932 = VERTEX_POINT ( 'NONE', #1322 ) ;
#933 = EDGE_CURVE ( 'NONE', #538, #1350, #1493, .T. ) ;
#934 = LINE ( 'NONE', #1447, #1186 ) ;
#935 = DIRECTION ( 'NONE',  ( 0.000000000000000000, 0.000000000000000000, -1.000000000000000000 ) ) ;
#936 = ORIENTED_EDGE ( 'NONE', *, *, #1534, .T. ) ;
#937 = AXIS2_PLACEMENT_3D ( 'NONE', #1333, #1357, #121 ) ;
#938 = DIRECTION ( 'NONE',  ( -6.982962677686265922E-15, 1.000000000000000000, 0.000000000000000000 ) ) ;
#939 = DIRECTION ( 'NONE',  ( -2.664535259100375697E-15, 0.000000000000000000, -1.000000000000000000 ) ) ;
#940 = AXIS2_PLACEMENT_3D ( 'NONE', #222, #320, #876 ) ;
#941 = EDGE_LOOP ( 'NONE', ( #1631, #1128 ) ) ;
#942 = LINE ( 'NONE', #1597, #1339 ) ;
#943 = VERTEX_POINT ( 'NONE', #680 ) ;
#944 = EDGE_LOOP ( 'NONE', ( #160, #1600, #1574, #626 ) ) ;
#945 = DIRECTION ( 'NONE',  ( 6.982962677686266711E-15, -1.000000000000000000, 0.000000000000000000 ) ) ;
#946 = CARTESIAN_POINT ( 'NONE',  ( 1.707914394601229803E-15, 0.1272952352015662980, 0.1496062992125984370 ) ) ;
#947 = ORIENTED_EDGE ( 'NONE', *, *, #105, .T. ) ;
#948 = CARTESIAN_POINT ( 'NONE',  ( -0.2305832083684057066, 0.3753267312645567344, -0.05129810541097620802 ) ) ;
#949 = FACE_OUTER_BOUND ( 'NONE', #811, .T. ) ;
#950 = ORIENTED_EDGE ( 'NONE', *, *, #1671, .T. ) ;
#951 = EDGE_LOOP ( 'NONE', ( #670, #1491, #1678, #1478 ) ) ;
#952 = VECTOR ( 'NONE', #1352, 39.37007874015748143 ) ;
#953 = VERTEX_POINT ( 'NONE', #109 ) ;
#954 = LINE ( 'NONE', #1480, #251 ) ;
#955 = ORIENTED_EDGE ( 'NONE', *, *, #103, .F. ) ;
#956 = ORIENTED_EDGE ( 'NONE', *, *, #27, .T. ) ;
#957 = DIRECTION ( 'NONE',  ( -8.881784197001264156E-16, 0.000000000000000000, -1.000000000000000000 ) ) ;
#958 = CARTESIAN_POINT ( 'NONE',  ( 0.005905511811021000798, 0.7493424792960544645, 0.1374477082705492237 ) ) ;
#959 =( GEOMETRIC_REPRESENTATION_CONTEXT ( 3 ) GLOBAL_UNCERTAINTY_ASSIGNED_CONTEXT ( ( #631 ) ) GLOBAL_UNIT_ASSIGNED_CONTEXT ( ( #847, #1242, #1551 ) ) REPRESENTATION_CONTEXT ( 'NONE', 'WORKASPACE' ) );
#960 = VECTOR ( 'NONE', #1530, 39.37007874015748143 ) ;
#961 = VERTEX_POINT ( 'NONE', #656 ) ;
#962 = LINE ( 'NONE', #13, #1564 ) ;
#963 = CARTESIAN_POINT ( 'NONE',  ( -2.617255734917324450E-15, 0.7493424792960544645, 0.1039831413414153971 ) ) ;
#964 = ORIENTED_EDGE ( 'NONE', *, *, #1637, .T. ) ;
#965 = EDGE_CURVE ( 'NONE', #478, #544, #1196, .T. ) ;
#966 = ORIENTED_EDGE ( 'NONE', *, *, #427, .T. ) ;
#967 = LINE ( 'NONE', #134, #324 ) ;
#968 = LINE ( 'NONE', #1261, #184 ) ;
#969 = EDGE_CURVE ( 'NONE', #979, #661, #735, .T. ) ;
#970 = EDGE_CURVE ( 'NONE', #943, #1144, #872, .T. ) ;
#971 = DIRECTION ( 'NONE',  ( 6.982962677686266711E-15, -1.000000000000000000, 0.000000000000000000 ) ) ;
#972 = DIRECTION ( 'NONE',  ( -6.982962677686266711E-15, 1.000000000000000000, 0.000000000000000000 ) ) ;
#973 = ORIENTED_EDGE ( 'NONE', *, *, #105, .F. ) ;
#974 = VERTEX_POINT ( 'NONE', #296 ) ;
#975 = DIRECTION ( 'NONE',  ( 1.807003620809176604E-16, 1.261823884255442860E-30, 1.000000000000000000 ) ) ;
#976 = CARTESIAN_POINT ( 'NONE',  ( 0.1597170666361210356, 0.3753267312645594544, -0.1740418634276710841 ) ) ;
#977 = CARTESIAN_POINT ( 'NONE',  ( -2.617255734917324450E-15, 0.7493424792960544645, 0.1433532200815728630 ) ) ;
#978 = PRODUCT ( 'Same_Sky_CMI-1295-03TH', 'Same_Sky_CMI-1295-03TH', '', ( #182 ) ) ;
#979 = VERTEX_POINT ( 'NONE', #1265 ) ;
#980 = AXIS2_PLACEMENT_3D ( 'NONE', #1683, #481, #1260 ) ;
#981 = PRESENTATION_LAYER_ASSIGNMENT (  '', '', ( #1670 ) ) ;
#982 = ORIENTED_EDGE ( 'NONE', *, *, #403, .F. ) ;
#983 = PLANE ( 'NONE',  #874 ) ;
#984 = DIRECTION ( 'NONE',  ( -6.982962677686265922E-15, 1.000000000000000000, 0.000000000000000000 ) ) ;
#985 = CIRCLE ( 'NONE', #1702, 0.01181102362204724393 ) ;
#986 = DIRECTION ( 'NONE',  ( -6.982962677686266711E-15, 1.000000000000000000, 0.000000000000000000 ) ) ;
#987 = EDGE_CURVE ( 'NONE', #913, #953, #51, .T. ) ;
#988 = EDGE_CURVE ( 'NONE', #1205, #1096, #1669, .T. ) ;
#989 = AXIS2_PLACEMENT_3D ( 'NONE', #279, #120, #1356 ) ;
#990 = ORIENTED_EDGE ( 'NONE', *, *, #1486, .F. ) ;
#991 = EDGE_CURVE ( 'NONE', #152, #1096, #466, .T. ) ;
#992 = EDGE_LOOP ( 'NONE', ( #108, #1360, #1599, #401, #916, #1315, #1435, #5, #947, #506, #1247, #1192, #270, #1696, #1239, #620, #612, #1164, #418, #1215 ) ) ;
#993 = FACE_OUTER_BOUND ( 'NONE', #1615, .T. ) ;
#994 = DIRECTION ( 'NONE',  ( 1.000000000000000000, 6.982962677686265922E-15, -0.000000000000000000 ) ) ;
#995 = ADVANCED_FACE ( 'NONE', ( #882 ), #1407, .F. ) ;
#996 = AXIS2_PLACEMENT_3D ( 'NONE', #1656, #442, #1259 ) ;
#997 = AXIS2_PLACEMENT_3D ( 'NONE', #1726, #653, #1709 ) ;
#998 = EDGE_LOOP ( 'NONE', ( #1461, #89, #863, #6, #1737, #686, #1349, #1538, #1650, #138, #1641, #350, #956 ) ) ;
#999 = DIRECTION ( 'NONE',  ( 6.982962677686266711E-15, -1.000000000000000000, 0.000000000000000000 ) ) ;
#1000 = DIRECTION ( 'NONE',  ( 0.000000000000000000, 0.000000000000000000, 1.000000000000000000 ) ) ;
#1001 = PLANE ( 'NONE',  #931 ) ;
#1002 = CARTESIAN_POINT ( 'NONE',  ( 0.1597170666361209801, 0.3950117706346382151, -0.1740418634276709453 ) ) ;
#1003 = EDGE_CURVE ( 'NONE', #143, #358, #163, .T. ) ;
#1004 = CARTESIAN_POINT ( 'NONE',  ( 0.1597170666361208968, 0.3950117706346382151, -0.1740418634276710841 ) ) ;
#1005 = DIRECTION ( 'NONE',  ( 6.982962677686266711E-15, -1.000000000000000000, 0.000000000000000000 ) ) ;
#1006 = CARTESIAN_POINT ( 'NONE',  ( -2.603509745394320035E-15, 0.7473739753590465940, 0.000000000000000000 ) ) ;
#1007 = VECTOR ( 'NONE', #1036, 39.37007874015748143 ) ;
#1008 = DIRECTION ( 'NONE',  ( 0.000000000000000000, 0.000000000000000000, 1.000000000000000000 ) ) ;
#1009 = ORIENTED_EDGE ( 'NONE', *, *, #1421, .T. ) ;
#1010 = LINE ( 'NONE', #1612, #1274 ) ;
#1011 = DIRECTION ( 'NONE',  ( -6.982962677686265922E-15, 1.000000000000000000, 0.000000000000000000 ) ) ;
#1012 = AXIS2_PLACEMENT_3D ( 'NONE', #976, #593, #310 ) ;
#1013 = EDGE_LOOP ( 'NONE', ( #1577, #299, #1081, #1009, #33, #1630, #1211, #288, #301, #950, #1331, #420, #758, #162, #537, #139, #256, #384, #964, #1736 ) ) ;
#1014 = VECTOR ( 'NONE', #7, 39.37007874015748143 ) ;
#1015 = DIRECTION ( 'NONE',  ( 1.000000000000000000, 0.000000000000000000, 0.000000000000000000 ) ) ;
#1016 = CARTESIAN_POINT ( 'NONE',  ( -2.617255734917324450E-15, 0.7493424792960544645, 0.000000000000000000 ) ) ;
#1017 = CYLINDRICAL_SURFACE ( 'NONE', #1301, 0.003937007874015741038 ) ;
#1018 = VECTOR ( 'NONE', #111, 39.37007874015748143 ) ;
#1019 = EDGE_LOOP ( 'NONE', ( #250, #1483, #930, #1308 ) ) ;
#1020 = ADVANCED_FACE ( 'NONE', ( #1399 ), #983, .F. ) ;
#1021 = CYLINDRICAL_SURFACE ( 'NONE', #1388, 0.003937007874015741038 ) ;
#1022 = VECTOR ( 'NONE', #1228, 39.37007874015748143 ) ;
#1023 = AXIS2_PLACEMENT_3D ( 'NONE', #425, #1503, #416 ) ;
#1024 = FACE_OUTER_BOUND ( 'NONE', #1562, .T. ) ;
#1025 = DIRECTION ( 'NONE',  ( -1.000000000000000000, -6.982962677686265922E-15, -3.614007241618353455E-17 ) ) ;
#1026 = PLANE ( 'NONE',  #1179 ) ;
#1027 = VECTOR ( 'NONE', #181, 39.37007874015748143 ) ;
#1028 = CARTESIAN_POINT ( 'NONE',  ( -0.03937007874016008879, 0.7473739753590463719, 0.1453217240185807335 ) ) ;
#1029 = VERTEX_POINT ( 'NONE', #1123 ) ;
#1030 = PLANE ( 'NONE',  #893 ) ;
#1031 = DIRECTION ( 'NONE',  ( 0.000000000000000000, 0.000000000000000000, -1.000000000000000000 ) ) ;
#1032 = CARTESIAN_POINT ( 'NONE',  ( -0.03543307086614435469, 0.7493424792960541314, 0.1453217240185807613 ) ) ;
#1033 = DIRECTION ( 'NONE',  ( 0.8660254037844362651, 6.047423072554896634E-15, -0.5000000000000041078 ) ) ;
#1034 = AXIS2_PLACEMENT_3D ( 'NONE', #1150, #1660, #711 ) ;
#1035 = ORIENTED_EDGE ( 'NONE', *, *, #240, .F. ) ;
#1036 = DIRECTION ( 'NONE',  ( 0.8660254037844447028, 6.047423072554956588E-15, 0.4999999999999894529 ) ) ;
#1037 = EDGE_CURVE ( 'NONE', #509, #128, #1644, .T. ) ;
#1038 = CIRCLE ( 'NONE', #1589, 0.05905511811023624047 ) ;
#1039 = EDGE_CURVE ( 'NONE', #961, #705, #174, .T. ) ;
#1040 = CARTESIAN_POINT ( 'NONE',  ( -1.615401805273769346E-16, 0.3950117706346371049, 0.1496062992125984370 ) ) ;
#1041 = ADVANCED_FACE ( 'NONE', ( #726 ), #718, .T. ) ;
#1042 = CARTESIAN_POINT ( 'NONE',  ( -0.1381528164177072138, 0.3950117706346361612, -0.1615917377591941095 ) ) ;
#1043 = VECTOR ( 'NONE', #533, 39.37007874015748143 ) ;
#1044 = CARTESIAN_POINT ( 'NONE',  ( -1.792496363537056369E-15, 0.6312322430755821223, 0.000000000000000000 ) ) ;
#1045 = CARTESIAN_POINT ( 'NONE',  ( 1.625438457463203113E-15, 0.1391062588236135489, 0.1496062992125984370 ) ) ;
#1046 = ORIENTED_EDGE ( 'NONE', *, *, #1537, .F. ) ;
#1047 = DIRECTION ( 'NONE',  ( 0.000000000000000000, 0.000000000000000000, -1.000000000000000000 ) ) ;
#1048 = CARTESIAN_POINT ( 'NONE',  ( -2.589763755871315225E-15, 0.7454054714220387234, 0.000000000000000000 ) ) ;
#1049 = DIRECTION ( 'NONE',  ( 6.982962677686266711E-15, -1.000000000000000000, 0.000000000000000000 ) ) ;
#1050 = AXIS2_PLACEMENT_3D ( 'NONE', #158, #1489, #1238 ) ;
#1051 = DIRECTION ( 'NONE',  ( 0.000000000000000000, 0.000000000000000000, -1.000000000000000000 ) ) ;
#1052 = CLOSED_SHELL ( 'NONE', ( #769, #995, #1412, #480, #165, #1041, #1571, #35, #308, #281, #669, #136, #717, #1719, #1677, #823, #1457, #186, #918, #1071, #1415, #839, #1279, #724, #396, #309, #1607, #326, #1653, #110, #1318, #30, #639, #375, #423, #1346, #708, #666, #835, #1747, #1285, #849, #1367, #1020, #483, #436, #1065, #1062, #1638 ) ) ;
#1053 = VERTEX_POINT ( 'NONE', #1262 ) ;
#1054 = LINE ( 'NONE', #359, #1647 ) ;
#1055 = VERTEX_POINT ( 'NONE', #304 ) ;
#1056 = DIRECTION ( 'NONE',  ( 0.000000000000000000, 0.000000000000000000, 1.000000000000000000 ) ) ;
#1057 = DIRECTION ( 'NONE',  ( -6.982962677686266711E-15, 1.000000000000000000, 0.000000000000000000 ) ) ;
#1058 = VERTEX_POINT ( 'NONE', #1143 ) ;
#1059 = EDGE_CURVE ( 'NONE', #644, #851, #1666, .T. ) ;
#1060 = PLANE ( 'NONE',  #898 ) ;
#1061 = FILL_AREA_STYLE ('',( #216 ) ) ;
#1062 = ADVANCED_FACE ( 'NONE', ( #1646 ), #1017, .F. ) ;
#1063 = ORIENTED_EDGE ( 'NONE', *, *, #173, .F. ) ;
#1064 = DIRECTION ( 'NONE',  ( -6.982962677686266711E-15, 1.000000000000000000, 0.000000000000000000 ) ) ;
#1065 = ADVANCED_FACE ( 'NONE', ( #886 ), #46, .F. ) ;
#1066 = VECTOR ( 'NONE', #1269, 39.37007874015748143 ) ;
#1067 = VERTEX_POINT ( 'NONE', #1381 ) ;
#1068 = AXIS2_PLACEMENT_3D ( 'NONE', #1723, #1064, #1432 ) ;
#1069 = ORIENTED_EDGE ( 'NONE', *, *, #740, .T. ) ;
#1070 = FACE_OUTER_BOUND ( 'NONE', #651, .T. ) ;
#1071 = ADVANCED_FACE ( 'NONE', ( #733 ), #854, .T. ) ;
#1072 = CARTESIAN_POINT ( 'NONE',  ( -2.603509745394320035E-15, 0.7473739753590465940, 0.000000000000000000 ) ) ;
#1073 = ORIENTED_EDGE ( 'NONE', *, *, #1125, .F. ) ;
#1074 = CARTESIAN_POINT ( 'NONE',  ( 1.707914394601229803E-15, 0.1272952352015662980, 0.1377952755905511861 ) ) ;
#1075 = CARTESIAN_POINT ( 'NONE',  ( -1.429776207765212153E-16, 0.3950117706346371049, 0.000000000000000000 ) ) ;
#1076 = AXIS2_PLACEMENT_3D ( 'NONE', #68, #484, #899 ) ;
#1077 = ORIENTED_EDGE ( 'NONE', *, *, #474, .F. ) ;
#1078 = CARTESIAN_POINT ( 'NONE',  ( -0.2305832083684057066, 0.3753267312645567344, -0.05129810541097620802 ) ) ;
#1079 = VECTOR ( 'NONE', #1552, 39.37007874015748143 ) ;
#1080 = EDGE_LOOP ( 'NONE', ( #850, #1220, #1428, #248 ) ) ;
#1081 = ORIENTED_EDGE ( 'NONE', *, *, #642, .T. ) ;
#1082 = LINE ( 'NONE', #1602, #539 ) ;
#1083 = PLANE ( 'NONE',  #896 ) ;
#1084 = ORIENTED_EDGE ( 'NONE', *, *, #413, .F. ) ;
#1085 = CIRCLE ( 'NONE', #996, 0.05905511811023624047 ) ;
#1086 = DIRECTION ( 'NONE',  ( 0.000000000000000000, 0.000000000000000000, 1.000000000000000000 ) ) ;
#1087 = DIRECTION ( 'NONE',  ( -1.000000000000000000, -6.982962677686265922E-15, 0.000000000000000000 ) ) ;
#1088 = AXIS2_PLACEMENT_3D ( 'NONE', #1685, #336, #345 ) ;
#1089 = ORIENTED_EDGE ( 'NONE', *, *, #11, .F. ) ;
#1090 = ORIENTED_EDGE ( 'NONE', *, *, #341, .T. ) ;
#1091 = ORIENTED_EDGE ( 'NONE', *, *, #114, .F. ) ;
#1092 = DIRECTION ( 'NONE',  ( 0.000000000000000000, 0.000000000000000000, -1.000000000000000000 ) ) ;
#1093 = SURFACE_STYLE_FILL_AREA ( #1370 ) ;
#1094 = VERTEX_POINT ( 'NONE', #1526 ) ;
#1095 = ORIENTED_EDGE ( 'NONE', *, *, #1289, .F. ) ;
#1096 = VERTEX_POINT ( 'NONE', #1249 ) ;
#1097 = CARTESIAN_POINT ( 'NONE',  ( -0.001968503937010463063, 0.7493424792960544645, 0.1827232988217303566 ) ) ;
#1098 = CARTESIAN_POINT ( 'NONE',  ( -2.617255734917324450E-15, 0.7493424792960544645, 0.09610912559338387340 ) ) ;
#1099 = AXIS2_PLACEMENT_3D ( 'NONE', #622, #636, #1047 ) ;
#1100 = ORIENTED_EDGE ( 'NONE', *, *, #740, .F. ) ;
#1101 = VECTOR ( 'NONE', #113, 39.37007874015748143 ) ;
#1102 = CARTESIAN_POINT ( 'NONE',  ( 0.03543307086613908807, 0.7493424792960546865, 0.1492587318925965023 ) ) ;
#1103 = EDGE_LOOP ( 'NONE', ( #1151, #543, #1046, #1201 ) ) ;
#1104 = EDGE_LOOP ( 'NONE', ( #1214, #2, #809, #528, #294, #655, #411, #1614, #1403, #901 ) ) ;
#1105 = DIRECTION ( 'NONE',  ( 0.8660254037844434816, 6.047423072554947910E-15, 0.4999999999999913403 ) ) ;
#1106 = EDGE_CURVE ( 'NONE', #333, #509, #602, .T. ) ;
#1107 = DIRECTION ( 'NONE',  ( 6.982962677686266711E-15, -1.000000000000000000, 0.000000000000000000 ) ) ;
#1108 = CIRCLE ( 'NONE', #1208, 0.01181102362204722485 ) ;
#1109 = VECTOR ( 'NONE', #432, 39.37007874015748143 ) ;
#1110 = EDGE_CURVE ( 'NONE', #1144, #1053, #37, .T. ) ;
#1111 = LINE ( 'NONE', #1369, #47 ) ;
#1112 = AXIS2_PLACEMENT_3D ( 'NONE', #1284, #69, #1427 ) ;
#1113 = CARTESIAN_POINT ( 'NONE',  ( -2.617255734917324450E-15, 0.7493424792960544645, 0.000000000000000000 ) ) ;
#1114 = ORIENTED_EDGE ( 'NONE', *, *, #93, .T. ) ;
#1115 = ORIENTED_EDGE ( 'NONE', *, *, #729, .T. ) ;
#1116 = PLANE ( 'NONE',  #131 ) ;
#1117 = CARTESIAN_POINT ( 'NONE',  ( -2.630991976713768191E-15, 0.7454054714220387234, -0.2244094488188976555 ) ) ;
#1118 = CIRCLE ( 'NONE', #172, 0.01181102362204724046 ) ;
#1119 = DIRECTION ( 'NONE',  ( -6.982962677686265922E-15, 1.000000000000000000, 0.000000000000000000 ) ) ;
#1120 = FACE_OUTER_BOUND ( 'NONE', #887, .T. ) ;
#1121 = ORIENTED_EDGE ( 'NONE', *, *, #1166, .F. ) ;
#1122 = VERTEX_POINT ( 'NONE', #578 ) ;
#1123 = CARTESIAN_POINT ( 'NONE',  ( -1.326569405255682132E-15, 0.3753267312645583442, 0.2362204724409449341 ) ) ;
#1124 = DIRECTION ( 'NONE',  ( 0.000000000000000000, 0.000000000000000000, -1.000000000000000000 ) ) ;
#1125 = EDGE_CURVE ( 'NONE', #286, #399, #1133, .T. ) ;
#1126 = CARTESIAN_POINT ( 'NONE',  ( -2.617255734917324450E-15, 0.7493424792960544645, 0.1492587318925965023 ) ) ;
#1127 = AXIS2_PLACEMENT_3D ( 'NONE', #1113, #1629, #1523 ) ;
#1128 = ORIENTED_EDGE ( 'NONE', *, *, #1565, .T. ) ;
#1129 = AXIS2_PLACEMENT_3D ( 'NONE', #1152, #1287, #220 ) ;
#1130 = ORIENTED_EDGE ( 'NONE', *, *, #103, .T. ) ;
#1131 = DIRECTION ( 'NONE',  ( -6.982962677686266711E-15, 1.000000000000000000, 0.000000000000000000 ) ) ;
#1132 = VECTOR ( 'NONE', #95, 39.37007874015748143 ) ;
#1133 = LINE ( 'NONE', #446, #122 ) ;
#1134 = VECTOR ( 'NONE', #938, 39.37007874015748143 ) ;
#1135 = DIRECTION ( 'NONE',  ( -6.982962677686265922E-15, 1.000000000000000000, 0.000000000000000000 ) ) ;
#1136 = APPLICATION_PROTOCOL_DEFINITION ( 'draft international standard', 'automotive_design', 1998, #687 ) ;
#1137 = PLANE ( 'NONE',  #1649 ) ;
#1138 = CARTESIAN_POINT ( 'NONE',  ( -0.005905511811026225785, 0.7473739753590464829, 0.1374477082705492792 ) ) ;
#1139 = VECTOR ( 'NONE', #378, 39.37007874015748143 ) ;
#1140 = EDGE_LOOP ( 'NONE', ( #133, #1095 ) ) ;
#1141 = PLANE ( 'NONE',  #828 ) ;
#1142 = CARTESIAN_POINT ( 'NONE',  ( -0.03543307086614435469, 0.7493424792960541314, 0.1453217240185807613 ) ) ;
#1143 = CARTESIAN_POINT ( 'NONE',  ( 0.07086614173228339419, 0.3753267312645588438, 0.2253399688386486521 ) ) ;
#1144 = VERTEX_POINT ( 'NONE', #594 ) ;
#1145 = FACE_OUTER_BOUND ( 'NONE', #1234, .T. ) ;
#1146 = DIRECTION ( 'NONE',  ( -6.982962677686265922E-15, 1.000000000000000000, 0.000000000000000000 ) ) ;
#1147 = EDGE_LOOP ( 'NONE', ( #638, #634, #683, #1089 ) ) ;
#1148 = CARTESIAN_POINT ( 'NONE',  ( -2.617255734917324450E-15, 0.7493424792960544645, 0.000000000000000000 ) ) ;
#1149 = CYLINDRICAL_SURFACE ( 'NONE', #1487, 0.04724409448818899654 ) ;
#1150 = CARTESIAN_POINT ( 'NONE',  ( -1.615401805273769346E-16, 0.3950117706346371049, 0.1496062992125984370 ) ) ;
#1151 = ORIENTED_EDGE ( 'NONE', *, *, #78, .F. ) ;
#1152 = CARTESIAN_POINT ( 'NONE',  ( -0.1381528164177070750, 0.3753267312645574005, -0.1615917377591940818 ) ) ;
#1153 = CARTESIAN_POINT ( 'NONE',  ( 7.305027052405730371E-16, 0.1391062588236135489, 0.1614173228346456879 ) ) ;
#1154 = CARTESIAN_POINT ( 'NONE',  ( 1.231621331523924692E-15, 0.1981613769338497755, -0.1496062992125984370 ) ) ;
#1155 = LINE ( 'NONE', #1544, #761 ) ;
#1156 = LINE ( 'NONE', #748, #1306 ) ;
#1157 = VERTEX_POINT ( 'NONE', #164 ) ;
#1158 = CARTESIAN_POINT ( 'NONE',  ( -0.1597170666361234226, 0.3753267312645572895, -0.1740418634276688636 ) ) ;
#1159 = AXIS2_PLACEMENT_3D ( 'NONE', #958, #690, #555 ) ;
#1160 = CARTESIAN_POINT ( 'NONE',  ( -2.617255734917324450E-15, 0.7493424792960544645, 0.1433532200815728630 ) ) ;
#1161 = LINE ( 'NONE', #1545, #374 ) ;
#1162 = DIRECTION ( 'NONE',  ( 6.982962677686266711E-15, -1.000000000000000000, 0.000000000000000000 ) ) ;
#1163 = EDGE_CURVE ( 'NONE', #544, #513, #228, .T. ) ;
#1164 = ORIENTED_EDGE ( 'NONE', *, *, #424, .T. ) ;
#1165 = FACE_OUTER_BOUND ( 'NONE', #456, .T. ) ;
#1166 = EDGE_CURVE ( 'NONE', #785, #503, #1502, .T. ) ;
#1167 = DIRECTION ( 'NONE',  ( 0.000000000000000000, 0.000000000000000000, -1.000000000000000000 ) ) ;
#1168 = CARTESIAN_POINT ( 'NONE',  ( 0.2090189581499887761, 0.3950117706346386037, -0.03884797974250418090 ) ) ;
#1169 = CARTESIAN_POINT ( 'NONE',  ( -2.617255734917324450E-15, 0.7493424792960544645, 0.1433532200815728630 ) ) ;
#1170 = AXIS2_PLACEMENT_3D ( 'NONE', #293, #560, #159 ) ;
#1171 = ORIENTED_EDGE ( 'NONE', *, *, #1295, .F. ) ;
#1172 = CARTESIAN_POINT ( 'NONE',  ( -1.615401805273769346E-16, 0.3950117706346371049, 0.1496062992125984370 ) ) ;
#1173 = DIRECTION ( 'NONE',  ( 0.000000000000000000, 0.000000000000000000, -1.000000000000000000 ) ) ;
#1174 = DIRECTION ( 'NONE',  ( 0.000000000000000000, 0.000000000000000000, -1.000000000000000000 ) ) ;
#1175 = CIRCLE ( 'NONE', #783, 0.01181102362204722485 ) ;
#1176 = DIRECTION ( 'NONE',  ( -6.982962677686266711E-15, 1.000000000000000000, 0.000000000000000000 ) ) ;
#1177 = CARTESIAN_POINT ( 'NONE',  ( -1.429776207765212153E-16, 0.3950117706346371049, 0.000000000000000000 ) ) ;
#1178 = ORIENTED_EDGE ( 'NONE', *, *, #728, .T. ) ;
#1179 = AXIS2_PLACEMENT_3D ( 'NONE', #1006, #897, #1031 ) ;
#1180 = PLANE ( 'NONE',  #343 ) ;
#1181 = ORIENTED_EDGE ( 'NONE', *, *, #1182, .F. ) ;
#1182 = EDGE_CURVE ( 'NONE', #538, #932, #552, .T. ) ;
#1183 = CARTESIAN_POINT ( 'NONE',  ( -2.617255734917324450E-15, 0.7493424792960544645, 0.000000000000000000 ) ) ;
#1184 = DIRECTION ( 'NONE',  ( -8.881784197001258240E-16, 0.000000000000000000, -1.000000000000000000 ) ) ;
#1185 = VERTEX_POINT ( 'NONE', #1522 ) ;
#1186 = VECTOR ( 'NONE', #254, 39.37007874015748143 ) ;
#1187 = CYLINDRICAL_SURFACE ( 'NONE', #1556, 0.2125984251968504324 ) ;
#1188 = DIRECTION ( 'NONE',  ( -1.000000000000000000, -6.982962677686265922E-15, -0.000000000000000000 ) ) ;
#1189 = EDGE_LOOP ( 'NONE', ( #553, #262 ) ) ;
#1190 = CARTESIAN_POINT ( 'NONE',  ( -0.03937007874016009573, 0.7493424792960541314, 0.1453217240185807058 ) ) ;
#1191 = VERTEX_POINT ( 'NONE', #1676 ) ;
#1192 = ORIENTED_EDGE ( 'NONE', *, *, #1664, .T. ) ;
#1193 = FACE_OUTER_BOUND ( 'NONE', #1619, .T. ) ;
#1194 = DIRECTION ( 'NONE',  ( -6.982962677686266711E-15, 1.000000000000000000, 0.000000000000000000 ) ) ;
#1195 = ORIENTED_EDGE ( 'NONE', *, *, #755, .F. ) ;
#1196 = LINE ( 'NONE', #1074, #1627 ) ;
#1197 = LINE ( 'NONE', #1098, #1022 ) ;
#1198 = VERTEX_POINT ( 'NONE', #1138 ) ;
#1199 = DIRECTION ( 'NONE',  ( 0.000000000000000000, 0.000000000000000000, -1.000000000000000000 ) ) ;
#1200 = CIRCLE ( 'NONE', #920, 0.2125984251968504324 ) ;
#1201 = ORIENTED_EDGE ( 'NONE', *, *, #1250, .F. ) ;
#1202 = ORIENTED_EDGE ( 'NONE', *, *, #805, .T. ) ;
#1203 = LINE ( 'NONE', #1751, #1382 ) ;
#1204 = DIRECTION ( 'NONE',  ( 0.000000000000000000, 0.000000000000000000, -1.000000000000000000 ) ) ;
#1205 = VERTEX_POINT ( 'NONE', #1245 ) ;
#1206 = CARTESIAN_POINT ( 'NONE',  ( -0.005905511811026237928, 0.7493424792960544645, 0.000000000000000000 ) ) ;
#1207 = CARTESIAN_POINT ( 'NONE',  ( -1.429776207765212153E-16, 0.3950117706346371049, 0.000000000000000000 ) ) ;
#1208 = AXIS2_PLACEMENT_3D ( 'NONE', #1720, #76, #1292 ) ;
#1209 = VERTEX_POINT ( 'NONE', #1514 ) ;
#1210 = CARTESIAN_POINT ( 'NONE',  ( 0.03543307086613910195, 0.7473739753590468160, 0.1492587318925965023 ) ) ;
#1211 = ORIENTED_EDGE ( 'NONE', *, *, #435, .T. ) ;
#1212 = ORIENTED_EDGE ( 'NONE', *, *, #93, .F. ) ;
#1213 = DIRECTION ( 'NONE',  ( 0.000000000000000000, 0.000000000000000000, -1.000000000000000000 ) ) ;
#1214 = ORIENTED_EDGE ( 'NONE', *, *, #477, .F. ) ;
#1215 = ORIENTED_EDGE ( 'NONE', *, *, #362, .T. ) ;
#1216 = PLANE ( 'NONE',  #989 ) ;
#1217 = CARTESIAN_POINT ( 'NONE',  ( -0.005905511811026242265, 0.7493424792960544645, 0.1787862909477145879 ) ) ;
#1218 = AXIS2_PLACEMENT_3D ( 'NONE', #788, #1056, #368 ) ;
#1219 = EDGE_CURVE ( 'NONE', #1604, #116, #1387, .T. ) ;
#1220 = ORIENTED_EDGE ( 'NONE', *, *, #1517, .F. ) ;
#1221 = VERTEX_POINT ( 'NONE', #573 ) ;
#1222 = EDGE_CURVE ( 'NONE', #143, #974, #1476, .T. ) ;
#1223 = CARTESIAN_POINT ( 'NONE',  ( 0.2305832083684049849, 0.3753267312645600096, -0.05129810541097931664 ) ) ;
#1224 = DIRECTION ( 'NONE',  ( 0.000000000000000000, 0.000000000000000000, -1.000000000000000000 ) ) ;
#1225 = ORIENTED_EDGE ( 'NONE', *, *, #512, .F. ) ;
#1226 = VERTEX_POINT ( 'NONE', #275 ) ;
#1227 = LINE ( 'NONE', #563, #1043 ) ;
#1228 = DIRECTION ( 'NONE',  ( -6.982962677686265922E-15, 1.000000000000000000, 0.000000000000000000 ) ) ;
#1229 = AXIS2_PLACEMENT_3D ( 'NONE', #180, #860, #417 ) ;
#1230 = CIRCLE ( 'NONE', #1672, 0.2362204724409449341 ) ;
#1231 = DIRECTION ( 'NONE',  ( 6.982962677686266711E-15, -1.000000000000000000, 0.000000000000000000 ) ) ;
#1232 = CARTESIAN_POINT ( 'NONE',  ( -5.517725546476217275E-18, 0.3753267312645583442, 0.000000000000000000 ) ) ;
#1233 = ORIENTED_EDGE ( 'NONE', *, *, #1698, .F. ) ;
#1234 = EDGE_LOOP ( 'NONE', ( #771, #803, #287, #1443 ) ) ;
#1235 = FACE_OUTER_BOUND ( 'NONE', #921, .T. ) ;
#1236 = VECTOR ( 'NONE', #1694, 39.37007874015748143 ) ;
#1237 = VECTOR ( 'NONE', #1506, 39.37007874015748143 ) ;
#1238 = DIRECTION ( 'NONE',  ( -8.881784197001258240E-16, 0.000000000000000000, -1.000000000000000000 ) ) ;
#1239 = ORIENTED_EDGE ( 'NONE', *, *, #205, .T. ) ;
#1240 = ORIENTED_EDGE ( 'NONE', *, *, #672, .F. ) ;
#1241 = DIRECTION ( 'NONE',  ( -6.982962677686265922E-15, 1.000000000000000000, 0.000000000000000000 ) ) ;
#1242 =( NAMED_UNIT ( * ) PLANE_ANGLE_UNIT ( ) SI_UNIT ( $, .RADIAN. ) );
#1243 = VECTOR ( 'NONE', #1087, 39.37007874015748143 ) ;
#1244 = EDGE_CURVE ( 'NONE', #1094, #750, #841, .T. ) ;
#1245 = CARTESIAN_POINT ( 'NONE',  ( -2.210902854341103901E-15, 0.6312322430755821223, 0.04921259842519685318 ) ) ;
#1246 = ORIENTED_EDGE ( 'NONE', *, *, #50, .F. ) ;
#1247 = ORIENTED_EDGE ( 'NONE', *, *, #637, .T. ) ;
#1248 = DIRECTION ( 'NONE',  ( 0.000000000000000000, 0.000000000000000000, -1.000000000000000000 ) ) ;
#1249 = CARTESIAN_POINT ( 'NONE',  ( -2.210902854341103901E-15, 0.7493424792960544645, 0.04921259842519685318 ) ) ;
#1250 = EDGE_CURVE ( 'NONE', #1209, #561, #1010, .T. ) ;
#1251 = MECHANICAL_DESIGN_GEOMETRIC_PRESENTATION_REPRESENTATION (  '', ( #1670 ), #725 ) ;
#1252 = ORIENTED_EDGE ( 'NONE', *, *, #805, .F. ) ;
#1253 = CIRCLE ( 'NONE', #605, 0.05905511811023624047 ) ;
#1254 = DIRECTION ( 'NONE',  ( 0.000000000000000000, 0.000000000000000000, -1.000000000000000000 ) ) ;
#1255 = CARTESIAN_POINT ( 'NONE',  ( 0.2090189581499889149, 0.3753267312645597875, -0.03884797974250418090 ) ) ;
#1256 = CARTESIAN_POINT ( 'NONE',  ( -0.001968503937010490819, 0.7493424792960544645, 0.1079201492154311381 ) ) ;
#1257 = DIRECTION ( 'NONE',  ( 0.000000000000000000, 0.000000000000000000, 1.000000000000000000 ) ) ;
#1258 = CIRCLE ( 'NONE', #1423, 0.04921259842519685318 ) ;
#1259 = DIRECTION ( 'NONE',  ( 0.000000000000000000, 0.000000000000000000, -1.000000000000000000 ) ) ;
#1260 = DIRECTION ( 'NONE',  ( 0.000000000000000000, 0.000000000000000000, 1.000000000000000000 ) ) ;
#1261 = CARTESIAN_POINT ( 'NONE',  ( 0.001968503937005247183, 0.7493424792960544645, 0.1039831413414153971 ) ) ;
#1262 = CARTESIAN_POINT ( 'NONE',  ( -0.07086614173228363012, 0.3950117706346366608, 0.2253399688386486244 ) ) ;
#1263 = EDGE_CURVE ( 'NONE', #932, #1185, #327, .T. ) ;
#1264 = VECTOR ( 'NONE', #1507, 39.37007874015748143 ) ;
#1265 = CARTESIAN_POINT ( 'NONE',  ( 0.005905511811020994727, 0.7493424792960544645, 0.1374477082705492237 ) ) ;
#1266 = EDGE_CURVE ( 'NONE', #102, #574, #142, .T. ) ;
#1267 = DIRECTION ( 'NONE',  ( -6.982962677686266711E-15, 1.000000000000000000, 0.000000000000000000 ) ) ;
#1268 = FACE_BOUND ( 'NONE', #1340, .T. ) ;
#1269 = DIRECTION ( 'NONE',  ( -1.000000000000000000, -6.982962677686265922E-15, 0.000000000000000000 ) ) ;
#1270 = EDGE_LOOP ( 'NONE', ( #1286, #16, #1748, #1439 ) ) ;
#1271 = DIRECTION ( 'NONE',  ( -6.982962677686266711E-15, 1.000000000000000000, 0.000000000000000000 ) ) ;
#1272 = PLANE ( 'NONE',  #797 ) ;
#1273 = PLANE ( 'NONE',  #1661 ) ;
#1274 = VECTOR ( 'NONE', #1528, 39.37007874015748143 ) ;
#1275 = AXIS2_PLACEMENT_3D ( 'NONE', #1148, #1532, #1674 ) ;
#1276 = MANIFOLD_SOLID_BREP ( '凸台-拉伸4', #445 ) ;
#1277 = VERTEX_POINT ( 'NONE', #693 ) ;
#1278 = DIRECTION ( 'NONE',  ( 6.982962677686266711E-15, -1.000000000000000000, 0.000000000000000000 ) ) ;
#1279 = ADVANCED_FACE ( 'NONE', ( #1145 ), #1481, .F. ) ;
#1280 = EDGE_CURVE ( 'NONE', #211, #1371, #14, .T. ) ;
#1281 = APPLICATION_PROTOCOL_DEFINITION ( 'draft international standard', 'automotive_design', 1998, #221 ) ;
#1282 = DIRECTION ( 'NONE',  ( -6.982962677686265922E-15, 1.000000000000000000, 0.000000000000000000 ) ) ;
#1283 = CARTESIAN_POINT ( 'NONE',  ( 1.259113310569933720E-15, 0.1942243690598340344, -0.1496062992125984370 ) ) ;
#1284 = CARTESIAN_POINT ( 'NONE',  ( 0.001968503937005269735, 0.7473739753590465940, 0.1787862909477145879 ) ) ;
#1285 = ADVANCED_FACE ( 'NONE', ( #151 ), #685, .F. ) ;
#1286 = ORIENTED_EDGE ( 'NONE', *, *, #56, .F. ) ;
#1287 = DIRECTION ( 'NONE',  ( -0.4999999999999911182, -3.491481338843071035E-15, 0.8660254037844438146 ) ) ;
#1288 = VECTOR ( 'NONE', #1730, 39.37007874015748854 ) ;
#1289 = EDGE_CURVE ( 'NONE', #961, #400, #1699, .T. ) ;
#1290 = AXIS2_PLACEMENT_3D ( 'NONE', #641, #945, #1566 ) ;
#1291 = CYLINDRICAL_SURFACE ( 'NONE', #1684, 0.04921259842519685318 ) ;
#1292 = DIRECTION ( 'NONE',  ( -8.881784197001264156E-16, 0.000000000000000000, -1.000000000000000000 ) ) ;
#1293 = LINE ( 'NONE', #1452, #381 ) ;
#1294 = ORIENTED_EDGE ( 'NONE', *, *, #1541, .T. ) ;
#1295 = EDGE_CURVE ( 'NONE', #102, #1353, #1200, .T. ) ;
#1296 = FACE_OUTER_BOUND ( 'NONE', #1327, .T. ) ;
#1297 = LINE ( 'NONE', #904, #1744 ) ;
#1298 = CARTESIAN_POINT ( 'NONE',  ( 1.259113310569933720E-15, 0.1942243690598340344, -0.1496062992125984370 ) ) ;
#1299 = DIRECTION ( 'NONE',  ( -1.000000000000000000, -6.982962677686265922E-15, -0.000000000000000000 ) ) ;
#1300 = DIRECTION ( 'NONE',  ( -1.084202172485506327E-14, 0.000000000000000000, -1.000000000000000000 ) ) ;
#1301 = AXIS2_PLACEMENT_3D ( 'NONE', #465, #1508, #1535 ) ;
#1302 = VECTOR ( 'NONE', #1746, 39.37007874015748143 ) ;
#1303 = ORIENTED_EDGE ( 'NONE', *, *, #1541, .F. ) ;
#1304 = DIRECTION ( 'NONE',  ( -0.000000000000000000, -0.000000000000000000, -1.000000000000000000 ) ) ;
#1305 = DIRECTION ( 'NONE',  ( 0.000000000000000000, 0.000000000000000000, 1.000000000000000000 ) ) ;
#1306 = VECTOR ( 'NONE', #475, 39.37007874015748143 ) ;
#1307 = LINE ( 'NONE', #242, #298 ) ;
#1308 = ORIENTED_EDGE ( 'NONE', *, *, #1163, .T. ) ;
#1309 = VECTOR ( 'NONE', #597, 39.37007874015748143 ) ;
#1310 = CARTESIAN_POINT ( 'NONE',  ( -0.03543307086614432694, 0.7473739753590463719, 0.1374477082705492514 ) ) ;
#1311 = CARTESIAN_POINT ( 'NONE',  ( 1.706467961373890478E-15, 0.1272952352015662980, 0.1614173228346456601 ) ) ;
#1312 = ORIENTED_EDGE ( 'NONE', *, *, #606, .T. ) ;
#1313 = VECTOR ( 'NONE', #1033, 39.37007874015748854 ) ;
#1314 = DIRECTION ( 'NONE',  ( 0.000000000000000000, 0.000000000000000000, 1.000000000000000000 ) ) ;
#1315 = ORIENTED_EDGE ( 'NONE', *, *, #1106, .T. ) ;
#1316 = ORIENTED_EDGE ( 'NONE', *, *, #1521, .F. ) ;
#1317 = CYLINDRICAL_SURFACE ( 'NONE', #476, 0.003937007874015741038 ) ;
#1318 = ADVANCED_FACE ( 'NONE', ( #1120 ), #408, .F. ) ;
#1319 = DIRECTION ( 'NONE',  ( 0.000000000000000000, 0.000000000000000000, -1.000000000000000000 ) ) ;
#1320 = VERTEX_POINT ( 'NONE', #4 ) ;
#1321 = AXIS2_PLACEMENT_3D ( 'NONE', #1048, #360, #1305 ) ;
#1322 = CARTESIAN_POINT ( 'NONE',  ( 0.1597170666361210356, 0.3753267312645594544, -0.1740418634276710286 ) ) ;
#1323 = FACE_OUTER_BOUND ( 'NONE', #1613, .T. ) ;
#1324 = ORIENTED_EDGE ( 'NONE', *, *, #1421, .F. ) ;
#1325 = EDGE_CURVE ( 'NONE', #750, #1277, #1622, .T. ) ;
#1326 = LINE ( 'NONE', #1078, #1337 ) ;
#1327 = EDGE_LOOP ( 'NONE', ( #820, #990, #15, #525 ) ) ;
#1328 = ORIENTED_EDGE ( 'NONE', *, *, #75, .F. ) ;
#1329 = LINE ( 'NONE', #1588, #1139 ) ;
#1330 = LINE ( 'NONE', #1042, #1732 ) ;
#1331 = ORIENTED_EDGE ( 'NONE', *, *, #505, .T. ) ;
#1332 = LINE ( 'NONE', #145, #1014 ) ;
#1333 = CARTESIAN_POINT ( 'NONE',  ( -2.617255734917324450E-15, 0.7493424792960544645, 0.1433532200815728630 ) ) ;
#1334 = EDGE_LOOP ( 'NONE', ( #395, #1453, #1178, #1458 ) ) ;
#1335 = AXIS2_PLACEMENT_3D ( 'NONE', #1422, #1573, #212 ) ;
#1336 = DIRECTION ( 'NONE',  ( 0.000000000000000000, 0.000000000000000000, -1.000000000000000000 ) ) ;
#1337 = VECTOR ( 'NONE', #659, 39.37007874015748854 ) ;
#1338 = ORIENTED_EDGE ( 'NONE', *, *, #149, .F. ) ;
#1339 = VECTOR ( 'NONE', #796, 39.37007874015748143 ) ;
#1340 = EDGE_LOOP ( 'NONE', ( #329, #366 ) ) ;
#1341 = PLANE ( 'NONE',  #441 ) ;
#1342 = DIRECTION ( 'NONE',  ( 0.000000000000000000, 0.000000000000000000, -1.000000000000000000 ) ) ;
#1343 = ORIENTED_EDGE ( 'NONE', *, *, #341, .F. ) ;
#1344 = LINE ( 'NONE', #1206, #702 ) ;
#1345 = CARTESIAN_POINT ( 'NONE',  ( 1.259113310569933720E-15, 0.1942243690598340344, -0.1614173228346456601 ) ) ;
#1346 = ADVANCED_FACE ( 'NONE', ( #888 ), #1021, .F. ) ;
#1347 = EDGE_CURVE ( 'NONE', #1096, #152, #433, .T. ) ;
#1348 =( GEOMETRIC_REPRESENTATION_CONTEXT ( 3 ) GLOBAL_UNCERTAINTY_ASSIGNED_CONTEXT ( ( #595 ) ) GLOBAL_UNIT_ASSIGNED_CONTEXT ( ( #757, #1721, #210 ) ) REPRESENTATION_CONTEXT ( 'NONE', 'WORKASPACE' ) );
#1349 = ORIENTED_EDGE ( 'NONE', *, *, #1359, .F. ) ;
#1350 = VERTEX_POINT ( 'NONE', #764 ) ;
#1351 = LINE ( 'NONE', #821, #1635 ) ;
#1352 = DIRECTION ( 'NONE',  ( -6.982962677686265922E-15, 1.000000000000000000, 0.000000000000000000 ) ) ;
#1353 = VERTEX_POINT ( 'NONE', #495 ) ;
#1354 = ORIENTED_EDGE ( 'NONE', *, *, #933, .F. ) ;
#1355 = EDGE_LOOP ( 'NONE', ( #1378, #1354, #779, #568 ) ) ;
#1356 = DIRECTION ( 'NONE',  ( -1.000000000000000000, -6.982962677686265922E-15, 0.000000000000000000 ) ) ;
#1357 = DIRECTION ( 'NONE',  ( 6.982962677686266711E-15, -1.000000000000000000, 0.000000000000000000 ) ) ;
#1358 = CIRCLE ( 'NONE', #590, 0.2125984251968504324 ) ;
#1359 = EDGE_CURVE ( 'NONE', #1157, #1492, #367, .T. ) ;
#1360 = ORIENTED_EDGE ( 'NONE', *, *, #969, .T. ) ;
#1361 = LINE ( 'NONE', #3, #829 ) ;
#1362 = DIRECTION ( 'NONE',  ( 6.982962677686265922E-15, -1.000000000000000000, 0.000000000000000000 ) ) ;
#1363 = ORIENTED_EDGE ( 'NONE', *, *, #861, .F. ) ;
#1364 = VERTEX_POINT ( 'NONE', #1563 ) ;
#1365 = CARTESIAN_POINT ( 'NONE',  ( -1.429776207765212153E-16, 0.3950117706346371049, -0.1496062992125984370 ) ) ;
#1366 = SURFACE_SIDE_STYLE ('',( #838 ) ) ;
#1367 = ADVANCED_FACE ( 'NONE', ( #1296 ), #334, .F. ) ;
#1368 = CIRCLE ( 'NONE', #812, 0.003937007874015741038 ) ;
#1369 = CARTESIAN_POINT ( 'NONE',  ( 0.03543307086613908807, 0.7493424792960546865, 0.1374477082705492237 ) ) ;
#1370 = FILL_AREA_STYLE ('',( #187 ) ) ;
#1371 = VERTEX_POINT ( 'NONE', #197 ) ;
#1372 = EDGE_CURVE ( 'NONE', #478, #23, #1442, .T. ) ;
#1373 = ORIENTED_EDGE ( 'NONE', *, *, #282, .T. ) ;
#1374 = CARTESIAN_POINT ( 'NONE',  ( -2.617255734917324450E-15, 0.7493424792960544645, 0.1374477082705492237 ) ) ;
#1375 = VECTOR ( 'NONE', #632, 39.37007874015748143 ) ;
#1376 = AXIS2_PLACEMENT_3D ( 'NONE', #1177, #447, #587 ) ;
#1377 = ORIENTED_EDGE ( 'NONE', *, *, #81, .T. ) ;
#1378 = ORIENTED_EDGE ( 'NONE', *, *, #300, .F. ) ;
#1379 = ORIENTED_EDGE ( 'NONE', *, *, #526, .T. ) ;
#1380 = CYLINDRICAL_SURFACE ( 'NONE', #1553, 0.003937007874015741038 ) ;
#1381 = CARTESIAN_POINT ( 'NONE',  ( -1.534679170721919671E-16, 0.3950117706346371049, -0.1614173228346456601 ) ) ;
#1382 = VECTOR ( 'NONE', #229, 39.37007874015748143 ) ;
#1383 = EDGE_LOOP ( 'NONE', ( #973, #1195, #859, #410 ) ) ;
#1384 = ORIENTED_EDGE ( 'NONE', *, *, #903, .F. ) ;
#1385 = DIRECTION ( 'NONE',  ( -0.000000000000000000, -0.000000000000000000, -1.000000000000000000 ) ) ;
#1386 = DIRECTION ( 'NONE',  ( -1.000000000000000000, -6.982962677686265922E-15, -0.000000000000000000 ) ) ;
#1387 = LINE ( 'NONE', #315, #1731 ) ;
#1388 = AXIS2_PLACEMENT_3D ( 'NONE', #919, #895, #72 ) ;
#1389 = ORIENTED_EDGE ( 'NONE', *, *, #747, .T. ) ;
#1390 = CARTESIAN_POINT ( 'NONE',  ( -0.005905511811026237928, 0.7493424792960544645, 0.1492587318925965023 ) ) ;
#1391 = DIRECTION ( 'NONE',  ( 0.000000000000000000, 0.000000000000000000, -1.000000000000000000 ) ) ;
#1392 = CARTESIAN_POINT ( 'NONE',  ( -2.644737966236772607E-15, 0.7493424792960544645, -0.2244094488188976555 ) ) ;
#1393 = EDGE_CURVE ( 'NONE', #824, #100, #1054, .T. ) ;
#1394 = MECHANICAL_DESIGN_GEOMETRIC_PRESENTATION_REPRESENTATION (  '', ( #494 ), #959 ) ;
#1395 = ADVANCED_FACE ( 'NONE', ( #1165 ), #1030, .F. ) ;
#1396 = EDGE_CURVE ( 'NONE', #1157, #1724, #1429, .T. ) ;
#1397 = CARTESIAN_POINT ( 'NONE',  ( -0.07086614173228347746, 0.3753267312645579001, 0.2004397175016985611 ) ) ;
#1398 = VECTOR ( 'NONE', #804, 39.37007874015748143 ) ;
#1399 = FACE_OUTER_BOUND ( 'NONE', #704, .T. ) ;
#1400 = CARTESIAN_POINT ( 'NONE',  ( -2.617255734917324450E-15, 0.7493424792960544645, 0.1433532200815728630 ) ) ;
#1401 = FACE_BOUND ( 'NONE', #1189, .T. ) ;
#1402 = CARTESIAN_POINT ( 'NONE',  ( 0.005905511811021014676, 0.7473739753590465940, 0.1374477082705492237 ) ) ;
#1403 = ORIENTED_EDGE ( 'NONE', *, *, #1396, .T. ) ;
#1404 = DIRECTION ( 'NONE',  ( -6.982962677686266711E-15, 1.000000000000000000, 0.000000000000000000 ) ) ;
#1405 = CIRCLE ( 'NONE', #1495, 0.003937007874015758385 ) ;
#1406 = AXIS2_PLACEMENT_3D ( 'NONE', #1408, #471, #1518 ) ;
#1407 = CYLINDRICAL_SURFACE ( 'NONE', #635, 0.04921259842519685318 ) ;
#1408 = CARTESIAN_POINT ( 'NONE',  ( -2.603509745394320035E-15, 0.7473739753590465940, 0.1433532200815728630 ) ) ;
#1409 = LINE ( 'NONE', #1511, #866 ) ;
#1410 = FACE_OUTER_BOUND ( 'NONE', #1609, .T. ) ;
#1411 = DIRECTION ( 'NONE',  ( 6.982962677686265922E-15, -1.000000000000000000, 0.000000000000000000 ) ) ;
#1412 = ADVANCED_FACE ( 'NONE', ( #613 ), #742, .F. ) ;
#1413 = ORIENTED_EDGE ( 'NONE', *, *, #927, .F. ) ;
#1414 = CARTESIAN_POINT ( 'NONE',  ( -2.617255734917324450E-15, 0.7493424792960544645, 0.1433532200815728630 ) ) ;
#1415 = ADVANCED_FACE ( 'NONE', ( #604 ), #80, .F. ) ;
#1416 = CARTESIAN_POINT ( 'NONE',  ( 0.1381528164177048823, 0.3753267312645593989, -0.1615917377591959692 ) ) ;
#1417 = AXIS2_PLACEMENT_3D ( 'NONE', #862, #36, #41 ) ;
#1418 = DIRECTION ( 'NONE',  ( 6.982962677686265922E-15, -1.000000000000000000, 0.000000000000000000 ) ) ;
#1419 = CIRCLE ( 'NONE', #1275, 0.2244094488188976555 ) ;
#1420 = ORIENTED_EDGE ( 'NONE', *, *, #965, .F. ) ;
#1421 = EDGE_CURVE ( 'NONE', #161, #1596, #206, .T. ) ;
#1422 = CARTESIAN_POINT ( 'NONE',  ( -1.429776207765212153E-16, 0.3950117706346371049, 0.000000000000000000 ) ) ;
#1423 = AXIS2_PLACEMENT_3D ( 'NONE', #1044, #1569, #510 ) ;
#1424 = CARTESIAN_POINT ( 'NONE',  ( -0.001968503937010477375, 0.7493424792960544645, 0.1827232988217303566 ) ) ;
#1425 = VERTEX_POINT ( 'NONE', #627 ) ;
#1426 = CARTESIAN_POINT ( 'NONE',  ( -1.326569405255683513E-15, 0.7454054714220387234, 0.2362204724409449341 ) ) ;
#1427 = DIRECTION ( 'NONE',  ( 0.000000000000000000, 0.000000000000000000, -1.000000000000000000 ) ) ;
#1428 = ORIENTED_EDGE ( 'NONE', *, *, #1280, .F. ) ;
#1429 = LINE ( 'NONE', #227, #83 ) ;
#1430 = CIRCLE ( 'NONE', #253, 0.04921259842519685318 ) ;
#1431 = FACE_BOUND ( 'NONE', #992, .T. ) ;
#1432 = DIRECTION ( 'NONE',  ( 0.000000000000000000, 0.000000000000000000, -1.000000000000000000 ) ) ;
#1433 = CARTESIAN_POINT ( 'NONE',  ( 5.428754221463630178E-16, 0.1981613769338497755, -0.1377952755905512139 ) ) ;
#1434 = LINE ( 'NONE', #768, #852 ) ;
#1435 = ORIENTED_EDGE ( 'NONE', *, *, #1037, .T. ) ;
#1436 = DIRECTION ( 'NONE',  ( -6.982962677686265922E-15, 1.000000000000000000, 0.000000000000000000 ) ) ;
#1437 = LINE ( 'NONE', #541, #647 ) ;
#1438 = CARTESIAN_POINT ( 'NONE',  ( -0.005905511811026225785, 0.7473739753590464829, 0.1492587318925964746 ) ) ;
#1439 = ORIENTED_EDGE ( 'NONE', *, *, #856, .F. ) ;
#1440 = CARTESIAN_POINT ( 'NONE',  ( -2.603509745394320035E-15, 0.7473739753590465940, 0.1433532200815728630 ) ) ;
#1441 = CARTESIAN_POINT ( 'NONE',  ( -0.03543307086614435469, 0.7493424792960541314, 0.1413847161445649925 ) ) ;
#1442 = CIRCLE ( 'NONE', #844, 0.01181102362204724393 ) ;
#1443 = ORIENTED_EDGE ( 'NONE', *, *, #1467, .F. ) ;
#1444 = DIRECTION ( 'NONE',  ( 6.982962677686266711E-15, -1.000000000000000000, 0.000000000000000000 ) ) ;
#1445 = EDGE_CURVE ( 'NONE', #170, #857, #1706, .T. ) ;
#1446 = EDGE_LOOP ( 'NONE', ( #177, #696 ) ) ;
#1447 = CARTESIAN_POINT ( 'NONE',  ( 0.1381528164177049101, 0.3753267312645593989, -0.1615917377591959692 ) ) ;
#1448 = DIRECTION ( 'NONE',  ( -6.982962677686266711E-15, 1.000000000000000000, 0.000000000000000000 ) ) ;
#1449 = ORIENTED_EDGE ( 'NONE', *, *, #729, .F. ) ;
#1450 = AXIS2_PLACEMENT_3D ( 'NONE', #948, #1605, #1105 ) ;
#1451 = DIRECTION ( 'NONE',  ( 0.000000000000000000, 0.000000000000000000, -1.000000000000000000 ) ) ;
#1452 = CARTESIAN_POINT ( 'NONE',  ( 0.001968503937005232438, 0.7473739753590465940, 0.1039831413414153971 ) ) ;
#1453 = ORIENTED_EDGE ( 'NONE', *, *, #1289, .T. ) ;
#1454 = CARTESIAN_POINT ( 'NONE',  ( 1.625438457463203113E-15, 0.1391062588236135489, 0.1496062992125984370 ) ) ;
#1455 = VERTEX_POINT ( 'NONE', #486 ) ;
#1456 = CIRCLE ( 'NONE', #247, 0.01181102362204722485 ) ;
#1457 = ADVANCED_FACE ( 'NONE', ( #90 ), #1180, .T. ) ;
#1458 = ORIENTED_EDGE ( 'NONE', *, *, #474, .T. ) ;
#1459 = DIRECTION ( 'NONE',  ( -2.168404344971011826E-16, -1.514188661106531362E-30, -1.000000000000000000 ) ) ;
#1460 = FACE_OUTER_BOUND ( 'NONE', #1334, .T. ) ;
#1461 = ORIENTED_EDGE ( 'NONE', *, *, #114, .T. ) ;
#1462 = LINE ( 'NONE', #412, #1398 ) ;
#1463 = CARTESIAN_POINT ( 'NONE',  ( -2.616168473065180133E-15, 0.7473739753590465940, 0.1905973145697618665 ) ) ;
#1464 = VERTEX_POINT ( 'NONE', #504 ) ;
#1465 = CARTESIAN_POINT ( 'NONE',  ( -0.1597170666361235336, 0.3950117706346360502, -0.1740418634276688359 ) ) ;
#1466 = ORIENTED_EDGE ( 'NONE', *, *, #277, .F. ) ;
#1467 = EDGE_CURVE ( 'NONE', #1475, #1610, #342, .T. ) ;
#1468 = ORIENTED_EDGE ( 'NONE', *, *, #607, .F. ) ;
#1469 = CARTESIAN_POINT ( 'NONE',  ( -0.03543307086614432000, 0.7493424792960541314, 0.1374477082705492514 ) ) ;
#1470 = DIRECTION ( 'NONE',  ( 0.000000000000000000, 0.000000000000000000, -1.000000000000000000 ) ) ;
#1471 = ORIENTED_EDGE ( 'NONE', *, *, #12, .T. ) ;
#1472 = LINE ( 'NONE', #1484, #351 ) ;
#1473 = EDGE_CURVE ( 'NONE', #144, #1667, #759, .T. ) ;
#1474 = CARTESIAN_POINT ( 'NONE',  ( -1.429776207765212153E-16, 0.3950117706346371049, -0.1496062992125984370 ) ) ;
#1475 = VERTEX_POINT ( 'NONE', #260 ) ;
#1476 = CIRCLE ( 'NONE', #1229, 0.04724409448818899654 ) ;
#1477 = AXIS2_PLACEMENT_3D ( 'NONE', #1072, #1567, #1174 ) ;
#1478 = ORIENTED_EDGE ( 'NONE', *, *, #449, .T. ) ;
#1479 = VERTEX_POINT ( 'NONE', #1585 ) ;
#1480 = CARTESIAN_POINT ( 'NONE',  ( -0.005905511811026232724, 0.7493424792960544645, 0.1079201492154311659 ) ) ;
#1481 = CYLINDRICAL_SURFACE ( 'NONE', #207, 0.2125984251968504879 ) ;
#1482 = VERTEX_POINT ( 'NONE', #385 ) ;
#1483 = ORIENTED_EDGE ( 'NONE', *, *, #1372, .F. ) ;
#1484 = CARTESIAN_POINT ( 'NONE',  ( -0.005905511811026225785, 0.7473739753590464829, 0.1492587318925965023 ) ) ;
#1485 = DIRECTION ( 'NONE',  ( 0.000000000000000000, 0.000000000000000000, 1.000000000000000000 ) ) ;
#1486 = EDGE_CURVE ( 'NONE', #1221, #128, #942, .T. ) ;
#1487 = AXIS2_PLACEMENT_3D ( 'NONE', #1160, #760, #1173 ) ;
#1488 = ORIENTED_EDGE ( 'NONE', *, *, #1473, .F. ) ;
#1489 = DIRECTION ( 'NONE',  ( 6.982962677686266711E-15, -1.000000000000000000, 0.000000000000000000 ) ) ;
#1490 = SURFACE_SIDE_STYLE ('',( #1093 ) ) ;
#1491 = ORIENTED_EDGE ( 'NONE', *, *, #1534, .F. ) ;
#1492 = VERTEX_POINT ( 'NONE', #1465 ) ;
#1493 = LINE ( 'NONE', #154, #20 ) ;
#1494 = FILL_AREA_STYLE_COLOUR ( '', #818 ) ;
#1495 = AXIS2_PLACEMENT_3D ( 'NONE', #398, #813, #106 ) ;
#1496 = CARTESIAN_POINT ( 'NONE',  ( -2.617255734917324450E-15, 0.7493424792960544645, 0.09610912559338387340 ) ) ;
#1497 = DIRECTION ( 'NONE',  ( 0.000000000000000000, 0.000000000000000000, -1.000000000000000000 ) ) ;
#1498 = ORIENTED_EDGE ( 'NONE', *, *, #728, .F. ) ;
#1499 = ORIENTED_EDGE ( 'NONE', *, *, #1250, .T. ) ;
#1500 = CARTESIAN_POINT ( 'NONE',  ( 0.005905511811021006870, 0.7493424792960544645, 0.000000000000000000 ) ) ;
#1501 = LENGTH_MEASURE_WITH_UNIT ( LENGTH_MEASURE( 0.02539999999999999897 ), #1634 );
#1502 = CIRCLE ( 'NONE', #577, 0.003937007874015741038 ) ;
#1503 = DIRECTION ( 'NONE',  ( -6.982962677686266711E-15, 1.000000000000000000, 0.000000000000000000 ) ) ;
#1504 = ORIENTED_EDGE ( 'NONE', *, *, #1735, .T. ) ;
#1505 = ORIENTED_EDGE ( 'NONE', *, *, #889, .F. ) ;
#1506 = DIRECTION ( 'NONE',  ( -6.982962677686265922E-15, 1.000000000000000000, 0.000000000000000000 ) ) ;
#1507 = DIRECTION ( 'NONE',  ( 0.000000000000000000, 0.000000000000000000, -1.000000000000000000 ) ) ;
#1508 = DIRECTION ( 'NONE',  ( -6.982962677686266711E-15, 1.000000000000000000, 0.000000000000000000 ) ) ;
#1509 = EDGE_LOOP ( 'NONE', ( #603, #1623, #1063, #278 ) ) ;
#1510 = ORIENTED_EDGE ( 'NONE', *, *, #1689, .F. ) ;
#1511 = CARTESIAN_POINT ( 'NONE',  ( -0.03543307086614431306, 0.7473739753590463719, 0.1374477082705492514 ) ) ;
#1512 = PLANE ( 'NONE',  #274 ) ;
#1513 = VECTOR ( 'NONE', #1135, 39.37007874015748143 ) ;
#1514 = CARTESIAN_POINT ( 'NONE',  ( -2.603509745394320035E-15, 0.7473739753590465940, 0.08429810197133663641 ) ) ;
#1515 = DIMENSIONAL_EXPONENTS ( 1.000000000000000000, 0.000000000000000000, 0.000000000000000000, 0.000000000000000000, 0.000000000000000000, 0.000000000000000000, 0.000000000000000000 ) ;
#1516 = ADVANCED_BREP_SHAPE_REPRESENTATION ( 'Same_Sky_CMI-1295-03TH', ( #719, #176, #1276, #415 ), #1659 ) ;
#1517 = EDGE_CURVE ( 'NONE', #1371, #943, #1326, .T. ) ;
#1518 = DIRECTION ( 'NONE',  ( 0.000000000000000000, 0.000000000000000000, -1.000000000000000000 ) ) ;
#1519 =( CONVERSION_BASED_UNIT ( 'INCH', #191 ) LENGTH_UNIT ( ) NAMED_UNIT ( #1636 ) );
#1520 = FACE_BOUND ( 'NONE', #226, .T. ) ;
#1521 = EDGE_CURVE ( 'NONE', #800, #302, #1368, .T. ) ;
#1522 = CARTESIAN_POINT ( 'NONE',  ( 0.1597170666361209246, 0.3950117706346382151, -0.1740418634276710286 ) ) ;
#1523 = DIRECTION ( 'NONE',  ( 0.000000000000000000, 0.000000000000000000, 1.000000000000000000 ) ) ;
#1524 = CYLINDRICAL_SURFACE ( 'NONE', #28, 0.05905511811023624047 ) ;
#1525 = PLANE ( 'NONE',  #1088 ) ;
#1526 = CARTESIAN_POINT ( 'NONE',  ( -0.001968503937010463497, 0.7473739753590464829, 0.1039831413414153971 ) ) ;
#1527 = ORIENTED_EDGE ( 'NONE', *, *, #889, .T. ) ;
#1528 = DIRECTION ( 'NONE',  ( -6.982962677686265922E-15, 1.000000000000000000, 0.000000000000000000 ) ) ;
#1529 = CIRCLE ( 'NONE', #239, 0.003937007874015741038 ) ;
#1530 = DIRECTION ( 'NONE',  ( 1.000000000000000000, 6.982962677686265922E-15, 0.000000000000000000 ) ) ;
#1531 = DIRECTION ( 'NONE',  ( -0.000000000000000000, -0.000000000000000000, -1.000000000000000000 ) ) ;
#1532 = DIRECTION ( 'NONE',  ( 6.982962677686266711E-15, -1.000000000000000000, 0.000000000000000000 ) ) ;
#1533 = CARTESIAN_POINT ( 'NONE',  ( -2.617255734917324450E-15, 0.7493424792960544645, 0.2244094488188976555 ) ) ;
#1534 = EDGE_CURVE ( 'NONE', #1198, #271, #808, .T. ) ;
#1535 = DIRECTION ( 'NONE',  ( 0.000000000000000000, 0.000000000000000000, -1.000000000000000000 ) ) ;
#1536 = EDGE_CURVE ( 'NONE', #128, #529, #556, .T. ) ;
#1537 = EDGE_CURVE ( 'NONE', #561, #953, #1253, .T. ) ;
#1538 = ORIENTED_EDGE ( 'NONE', *, *, #1568, .F. ) ;
#1539 = DIRECTION ( 'NONE',  ( -6.982962677686266711E-15, 1.000000000000000000, 0.000000000000000000 ) ) ;
#1540 = AXIS2_PLACEMENT_3D ( 'NONE', #977, #971, #692 ) ;
#1541 = EDGE_CURVE ( 'NONE', #800, #1632, #649, .T. ) ;
#1542 = CARTESIAN_POINT ( 'NONE',  ( 1.707914394601229803E-15, 0.1272952352015662980, 0.1496062992125984370 ) ) ;
#1543 = DIRECTION ( 'NONE',  ( 0.8660254037844362651, 6.047423072554896634E-15, -0.5000000000000041078 ) ) ;
#1544 = CARTESIAN_POINT ( 'NONE',  ( -0.07086614173228361624, 0.3950117706346366608, 0.000000000000000000 ) ) ;
#1545 = CARTESIAN_POINT ( 'NONE',  ( 0.001968503937005228101, 0.7493424792960544645, 0.1827232988217303566 ) ) ;
#1546 = ORIENTED_EDGE ( 'NONE', *, *, #881, .T. ) ;
#1547 = DIRECTION ( 'NONE',  ( 0.000000000000000000, 0.000000000000000000, 1.000000000000000000 ) ) ;
#1548 = EDGE_CURVE ( 'NONE', #1055, #682, #671, .T. ) ;
#1549 = DIRECTION ( 'NONE',  ( 6.982962677686266711E-15, -1.000000000000000000, 0.000000000000000000 ) ) ;
#1550 = CIRCLE ( 'NONE', #628, 0.003937007874015741038 ) ;
#1551 =( NAMED_UNIT ( * ) SI_UNIT ( $, .STERADIAN. ) SOLID_ANGLE_UNIT ( ) );
#1552 = DIRECTION ( 'NONE',  ( -6.982962677686265922E-15, 1.000000000000000000, 0.000000000000000000 ) ) ;
#1553 = AXIS2_PLACEMENT_3D ( 'NONE', #1256, #444, #431 ) ;
#1554 = ORIENTED_EDGE ( 'NONE', *, *, #1039, .T. ) ;
#1555 = CARTESIAN_POINT ( 'NONE',  ( 0.03937007874015487074, 0.7493424792960546865, 0.000000000000000000 ) ) ;
#1556 = AXIS2_PLACEMENT_3D ( 'NONE', #611, #1176, #500 ) ;
#1557 = CARTESIAN_POINT ( 'NONE',  ( -2.616168473065180133E-15, 0.7493424792960544645, 0.1905973145697618665 ) ) ;
#1558 = CARTESIAN_POINT ( 'NONE',  ( -0.03937007874016009573, 0.7493424792960541314, 0.1453217240185807335 ) ) ;
#1559 = VECTOR ( 'NONE', #625, 39.37007874015748143 ) ;
#1560 = LINE ( 'NONE', #780, #1375 ) ;
#1561 = CARTESIAN_POINT ( 'NONE',  ( 0.1597170666361210356, 0.3753267312645594544, -0.1740418634276710841 ) ) ;
#1562 = EDGE_LOOP ( 'NONE', ( #265, #325, #204, #1420 ) ) ;
#1563 = CARTESIAN_POINT ( 'NONE',  ( -0.03543307086614434082, 0.7493424792960541314, 0.1492587318925965023 ) ) ;
#1564 = VECTOR ( 'NONE', #559, 39.37007874015748143 ) ;
#1565 = EDGE_CURVE ( 'NONE', #23, #478, #985, .T. ) ;
#1566 = DIRECTION ( 'NONE',  ( -1.063873381751403119E-14, 0.000000000000000000, -1.000000000000000000 ) ) ;
#1567 = DIRECTION ( 'NONE',  ( -6.982962677686265922E-15, 1.000000000000000000, 0.000000000000000000 ) ) ;
#1568 = EDGE_CURVE ( 'NONE', #1185, #1157, #344, .T. ) ;
#1569 = DIRECTION ( 'NONE',  ( -6.982962677686266711E-15, 1.000000000000000000, 0.000000000000000000 ) ) ;
#1570 = EDGE_CURVE ( 'NONE', #1724, #819, #86, .T. ) ;
#1571 = ADVANCED_FACE ( 'NONE', ( #1460 ), #1590, .T. ) ;
#1572 = EDGE_LOOP ( 'NONE', ( #1181, #370, #1379, #720 ) ) ;
#1573 = DIRECTION ( 'NONE',  ( 6.982962677686266711E-15, -1.000000000000000000, 0.000000000000000000 ) ) ;
#1574 = ORIENTED_EDGE ( 'NONE', *, *, #1548, .F. ) ;
#1575 = FACE_OUTER_BOUND ( 'NONE', #944, .T. ) ;
#1576 = LINE ( 'NONE', #1717, #579 ) ;
#1577 = ORIENTED_EDGE ( 'NONE', *, *, #917, .T. ) ;
#1578 = CYLINDRICAL_SURFACE ( 'NONE', #65, 0.01181102362204722485 ) ;
#1579 = PRESENTATION_STYLE_ASSIGNMENT (( #501 ) ) ;
#1580 = VECTOR ( 'NONE', #468, 39.37007874015748143 ) ;
#1581 = AXIS2_PLACEMENT_3D ( 'NONE', #1298, #905, #107 ) ;
#1582 = ORIENTED_EDGE ( 'NONE', *, *, #10, .F. ) ;
#1583 = EDGE_CURVE ( 'NONE', #1464, #485, #434, .T. ) ;
#1584 = EDGE_CURVE ( 'NONE', #830, #1029, #1230, .T. ) ;
#1585 = CARTESIAN_POINT ( 'NONE',  ( 0.001968503937005255857, 0.7473739753590465940, 0.1827232988217303566 ) ) ;
#1586 = EDGE_LOOP ( 'NONE', ( #570, #1582, #1114, #842 ) ) ;
#1587 = ORIENTED_EDGE ( 'NONE', *, *, #870, .F. ) ;
#1588 = CARTESIAN_POINT ( 'NONE',  ( -0.005905511811026226653, 0.7473739753590464829, 0.1079201492154311659 ) ) ;
#1589 = AXIS2_PLACEMENT_3D ( 'NONE', #314, #999, #439 ) ;
#1590 = CYLINDRICAL_SURFACE ( 'NONE', #488, 0.2244094488188976555 ) ;
#1591 = ORIENTED_EDGE ( 'NONE', *, *, #1681, .T. ) ;
#1592 = DIRECTION ( 'NONE',  ( 0.000000000000000000, 0.000000000000000000, -1.000000000000000000 ) ) ;
#1593 = CARTESIAN_POINT ( 'NONE',  ( -0.2305832083684058176, 0.3950117706346354951, -0.05129810541097620108 ) ) ;
#1594 = AXIS2_PLACEMENT_3D ( 'NONE', #1441, #1162, #1300 ) ;
#1595 = EDGE_CURVE ( 'NONE', #1749, #1492, #1330, .T. ) ;
#1596 = VERTEX_POINT ( 'NONE', #379 ) ;
#1597 = CARTESIAN_POINT ( 'NONE',  ( 0.005905511811021013809, 0.7493424792960544645, 0.1787862909477145601 ) ) ;
#1598 = ADVANCED_FACE ( 'NONE', ( #654 ), #778, .T. ) ;
#1599 = ORIENTED_EDGE ( 'NONE', *, *, #927, .T. ) ;
#1600 = ORIENTED_EDGE ( 'NONE', *, *, #600, .F. ) ;
#1601 = ADVANCED_FACE ( 'NONE', ( #361 ), #643, .T. ) ;
#1602 = CARTESIAN_POINT ( 'NONE',  ( -1.719062853233090906E-16, 0.3950117706346371049, 0.2362204724409449341 ) ) ;
#1603 = DIRECTION ( 'NONE',  ( 6.982962677686266711E-15, -1.000000000000000000, 0.000000000000000000 ) ) ;
#1604 = VERTEX_POINT ( 'NONE', #1438 ) ;
#1605 = DIRECTION ( 'NONE',  ( 0.4999999999999914513, 3.491481338843073402E-15, -0.8660254037844437036 ) ) ;
#1606 = CARTESIAN_POINT ( 'NONE',  ( 0.005905511811021010339, 0.7493424792960544645, 0.1787862909477145879 ) ) ;
#1607 = ADVANCED_FACE ( 'NONE', ( #499 ), #255, .T. ) ;
#1608 = ORIENTED_EDGE ( 'NONE', *, *, #795, .F. ) ;
#1609 = EDGE_LOOP ( 'NONE', ( #1389, #467 ) ) ;
#1610 = VERTEX_POINT ( 'NONE', #1168 ) ;
#1611 = CARTESIAN_POINT ( 'NONE',  ( 0.03543307086613912277, 0.7493424792960546865, 0.1453217240185807613 ) ) ;
#1612 = CARTESIAN_POINT ( 'NONE',  ( -2.617255734917324450E-15, 0.7493424792960544645, 0.08429810197133663641 ) ) ;
#1613 = EDGE_LOOP ( 'NONE', ( #1587, #833, #219, #515 ) ) ;
#1614 = ORIENTED_EDGE ( 'NONE', *, *, #1568, .T. ) ;
#1615 = EDGE_LOOP ( 'NONE', ( #438, #1303, #1466, #1642 ) ) ;
#1616 = FACE_OUTER_BOUND ( 'NONE', #1383, .T. ) ;
#1617 = DIRECTION ( 'NONE',  ( 1.000000000000000000, 5.782411586589366711E-15, 0.000000000000000000 ) ) ;
#1618 = AXIS2_PLACEMENT_3D ( 'NONE', #703, #677, #1752 ) ;
#1619 = EDGE_LOOP ( 'NONE', ( #38, #91, #540, #714 ) ) ;
#1620 = EDGE_CURVE ( 'NONE', #1667, #333, #157, .T. ) ;
#1621 = DIRECTION ( 'NONE',  ( 6.982962677686265922E-15, -1.000000000000000000, 0.000000000000000000 ) ) ;
#1622 = LINE ( 'NONE', #963, #1580 ) ;
#1623 = ORIENTED_EDGE ( 'NONE', *, *, #1735, .F. ) ;
#1624 = EDGE_LOOP ( 'NONE', ( #715, #119, #547, #834 ) ) ;
#1625 = DIRECTION ( 'NONE',  ( 0.000000000000000000, 0.000000000000000000, -1.000000000000000000 ) ) ;
#1626 = PLANE ( 'NONE',  #470 ) ;
#1627 = VECTOR ( 'NONE', #1146, 39.37007874015748143 ) ;
#1628 = CARTESIAN_POINT ( 'NONE',  ( -0.07086614173228361624, 0.3950117706346366608, 0.2004397175016985611 ) ) ;
#1629 = DIRECTION ( 'NONE',  ( 6.982962677686266711E-15, -1.000000000000000000, 0.000000000000000000 ) ) ;
#1630 = ORIENTED_EDGE ( 'NONE', *, *, #1059, .T. ) ;
#1631 = ORIENTED_EDGE ( 'NONE', *, *, #1372, .T. ) ;
#1632 = VERTEX_POINT ( 'NONE', #1558 ) ;
#1633 = DIRECTION ( 'NONE',  ( 6.982962677686266711E-15, -1.000000000000000000, 0.000000000000000000 ) ) ;
#1634 =( LENGTH_UNIT ( ) NAMED_UNIT ( * ) SI_UNIT ( $, .METRE. ) );
#1635 = VECTOR ( 'NONE', #663, 39.37007874015748143 ) ;
#1636 = DIMENSIONAL_EXPONENTS ( 1.000000000000000000, 0.000000000000000000, 0.000000000000000000, 0.000000000000000000, 0.000000000000000000, 0.000000000000000000, 0.000000000000000000 ) ;
#1637 = EDGE_CURVE ( 'NONE', #286, #1479, #1307, .T. ) ;
#1638 = ADVANCED_FACE ( 'NONE', ( #264 ), #1727, .T. ) ;
#1639 = CARTESIAN_POINT ( 'NONE',  ( 7.305027052405751078E-16, 0.3950117706346371049, 0.1614173228346456879 ) ) ;
#1640 = CARTESIAN_POINT ( 'NONE',  ( -0.001968503937010463063, 0.7493424792960544645, 0.1039831413414153971 ) ) ;
#1641 = ORIENTED_EDGE ( 'NONE', *, *, #770, .T. ) ;
#1642 = ORIENTED_EDGE ( 'NONE', *, *, #50, .T. ) ;
#1643 = ORIENTED_EDGE ( 'NONE', *, *, #917, .F. ) ;
#1644 = LINE ( 'NONE', #1500, #92 ) ;
#1645 = LINE ( 'NONE', #171, #1264 ) ;
#1646 = FACE_OUTER_BOUND ( 'NONE', #894, .T. ) ;
#1647 = VECTOR ( 'NONE', #910, 39.37007874015748143 ) ;
#1648 = VERTEX_POINT ( 'NONE', #766 ) ;
#1649 = AXIS2_PLACEMENT_3D ( 'NONE', #1665, #1658, #1651 ) ;
#1650 = ORIENTED_EDGE ( 'NONE', *, *, #11, .T. ) ;
#1651 = DIRECTION ( 'NONE',  ( 0.000000000000000000, 0.000000000000000000, 1.000000000000000000 ) ) ;
#1652 = CARTESIAN_POINT ( 'NONE',  ( -0.03543307086614434082, 0.7473739753590463719, 0.1413847161445649925 ) ) ;
#1653 = ADVANCED_FACE ( 'NONE', ( #531 ), #1083, .F. ) ;
#1654 = COLOUR_RGB ( '',0.7921568627450980005, 0.8196078431372548767, 0.9333333333333333481 ) ;
#1655 = EDGE_CURVE ( 'NONE', #1604, #824, #85, .T. ) ;
#1656 = CARTESIAN_POINT ( 'NONE',  ( -2.603509745394320035E-15, 0.7473739753590465940, 0.1433532200815728630 ) ) ;
#1657 = DIRECTION ( 'NONE',  ( 1.000000000000000000, 5.782411586589366711E-15, 0.000000000000000000 ) ) ;
#1658 = DIRECTION ( 'NONE',  ( 6.982962677686265922E-15, -1.000000000000000000, 0.000000000000000000 ) ) ;
#1659 =( GEOMETRIC_REPRESENTATION_CONTEXT ( 3 ) GLOBAL_UNCERTAINTY_ASSIGNED_CONTEXT ( ( #414 ) ) GLOBAL_UNIT_ASSIGNED_CONTEXT ( ( #1519, #864, #462 ) ) REPRESENTATION_CONTEXT ( 'NONE', 'WORKASPACE' ) );
#1660 = DIRECTION ( 'NONE',  ( 6.982962677686266711E-15, -1.000000000000000000, 0.000000000000000000 ) ) ;
#1661 = AXIS2_PLACEMENT_3D ( 'NONE', #1016, #208, #753 ) ;
#1662 = SURFACE_STYLE_FILL_AREA ( #1061 ) ;
#1663 = DIRECTION ( 'NONE',  ( 0.000000000000000000, 0.000000000000000000, -1.000000000000000000 ) ) ;
#1664 = EDGE_CURVE ( 'NONE', #116, #1364, #1576, .T. ) ;
#1665 = CARTESIAN_POINT ( 'NONE',  ( -2.589763755871315225E-15, 0.7454054714220387234, 0.000000000000000000 ) ) ;
#1666 = LINE ( 'NONE', #1402, #695 ) ;
#1667 = VERTEX_POINT ( 'NONE', #1710 ) ;
#1668 = SURFACE_STYLE_USAGE ( .BOTH. , #1490 ) ;
#1669 = LINE ( 'NONE', #458, #731 ) ;
#1670 = STYLED_ITEM ( 'NONE', ( #448 ), #1276 ) ;
#1671 = EDGE_CURVE ( 'NONE', #1094, #261, #1550, .T. ) ;
#1672 = AXIS2_PLACEMENT_3D ( 'NONE', #923, #1448, #1342 ) ;
#1673 = LINE ( 'NONE', #608, #1754 ) ;
#1674 = DIRECTION ( 'NONE',  ( 0.000000000000000000, 0.000000000000000000, 1.000000000000000000 ) ) ;
#1675 = DIRECTION ( 'NONE',  ( 0.000000000000000000, 0.000000000000000000, -1.000000000000000000 ) ) ;
#1676 = CARTESIAN_POINT ( 'NONE',  ( -0.03937007874016009573, 0.7493424792960541314, 0.1413847161445650202 ) ) ;
#1677 = ADVANCED_FACE ( 'NONE', ( #44 ), #722, .F. ) ;
#1678 = ORIENTED_EDGE ( 'NONE', *, *, #505, .F. ) ;
#1679 = AXIS2_PLACEMENT_3D ( 'NONE', #1032, #1711, #203 ) ;
#1680 = CARTESIAN_POINT ( 'NONE',  ( -1.429776207765212153E-16, 0.3950117706346371049, 0.000000000000000000 ) ) ;
#1681 = EDGE_CURVE ( 'NONE', #400, #961, #1419, .T. ) ;
#1682 = DIRECTION ( 'NONE',  ( -6.982962677686265922E-15, 1.000000000000000000, 0.000000000000000000 ) ) ;
#1683 = CARTESIAN_POINT ( 'NONE',  ( -5.517725546476217275E-18, 0.3753267312645583442, 0.000000000000000000 ) ) ;
#1684 = AXIS2_PLACEMENT_3D ( 'NONE', #623, #74, #1167 ) ;
#1685 = CARTESIAN_POINT ( 'NONE',  ( -2.617255734917324450E-15, 0.7493424792960544645, 0.000000000000000000 ) ) ;
#1686 = FACE_OUTER_BOUND ( 'NONE', #1753, .T. ) ;
#1687 = CIRCLE ( 'NONE', #937, 0.04724409448818899654 ) ;
#1688 = EDGE_LOOP ( 'NONE', ( #1725, #1384, #1316, #1294 ) ) ;
#1689 = EDGE_CURVE ( 'NONE', #1198, #785, #1409, .T. ) ;
#1690 = DIRECTION ( 'NONE',  ( 6.982962677686265922E-15, -1.000000000000000000, 0.000000000000000000 ) ) ;
#1691 = AXIS2_PLACEMENT_3D ( 'NONE', #67, #1549, #616 ) ;
#1692 =( LENGTH_UNIT ( ) NAMED_UNIT ( * ) SI_UNIT ( $, .METRE. ) );
#1693 = FACE_OUTER_BOUND ( 'NONE', #1140, .T. ) ;
#1694 = DIRECTION ( 'NONE',  ( 0.8660254037844365982, 6.047423072554901368E-15, -0.5000000000000034417 ) ) ;
#1695 = LINE ( 'NONE', #1561, #1313 ) ;
#1696 = ORIENTED_EDGE ( 'NONE', *, *, #453, .T. ) ;
#1697 = CARTESIAN_POINT ( 'NONE',  ( -5.517725546476217275E-18, 0.3753267312645583442, 0.000000000000000000 ) ) ;
#1698 = EDGE_CURVE ( 'NONE', #763, #1320, #82, .T. ) ;
#1699 = CIRCLE ( 'NONE', #1127, 0.2244094488188976555 ) ;
#1700 = CARTESIAN_POINT ( 'NONE',  ( -0.03543307086614432694, 0.7473739753590463719, 0.1492587318925965023 ) ) ;
#1701 = DIRECTION ( 'NONE',  ( 0.000000000000000000, 0.000000000000000000, -1.000000000000000000 ) ) ;
#1702 = AXIS2_PLACEMENT_3D ( 'NONE', #1454, #1444, #236 ) ;
#1703 = FACE_OUTER_BOUND ( 'NONE', #493, .T. ) ;
#1704 = DIRECTION ( 'NONE',  ( 1.000000000000000000, 6.982962677686265922E-15, -0.000000000000000000 ) ) ;
#1705 = ORIENTED_EDGE ( 'NONE', *, *, #12, .F. ) ;
#1706 = LINE ( 'NONE', #1158, #1007 ) ;
#1707 = VECTOR ( 'NONE', #826, 39.37007874015748143 ) ;
#1708 = AXIS2_PLACEMENT_3D ( 'NONE', #25, #328, #317 ) ;
#1709 = DIRECTION ( 'NONE',  ( 0.000000000000000000, 0.000000000000000000, -1.000000000000000000 ) ) ;
#1710 = CARTESIAN_POINT ( 'NONE',  ( 0.03937007874015487074, 0.7493424792960546865, 0.1453217240185807335 ) ) ;
#1711 = DIRECTION ( 'NONE',  ( 6.982962677686266711E-15, -1.000000000000000000, 0.000000000000000000 ) ) ;
#1712 = ORIENTED_EDGE ( 'NONE', *, *, #1698, .T. ) ;
#1713 = DIRECTION ( 'NONE',  ( 0.000000000000000000, 0.000000000000000000, 1.000000000000000000 ) ) ;
#1714 = ORIENTED_EDGE ( 'NONE', *, *, #558, .F. ) ;
#1715 = VECTOR ( 'NONE', #1119, 39.37007874015748143 ) ;
#1716 = DIRECTION ( 'NONE',  ( 6.982962677686266711E-15, -1.000000000000000000, 0.000000000000000000 ) ) ;
#1717 = CARTESIAN_POINT ( 'NONE',  ( -2.617255734917324450E-15, 0.7493424792960544645, 0.1492587318925965023 ) ) ;
#1718 = ORIENTED_EDGE ( 'NONE', *, *, #282, .F. ) ;
#1719 = ADVANCED_FACE ( 'NONE', ( #335 ), #307, .T. ) ;
#1720 = CARTESIAN_POINT ( 'NONE',  ( -1.429776207765212153E-16, 0.3950117706346371049, -0.1496062992125984370 ) ) ;
#1721 =( NAMED_UNIT ( * ) PLANE_ANGLE_UNIT ( ) SI_UNIT ( $, .RADIAN. ) );
#1722 = VERTEX_POINT ( 'NONE', #609 ) ;
#1723 = CARTESIAN_POINT ( 'NONE',  ( -1.429776207765212153E-16, 0.3950117706346371049, 0.000000000000000000 ) ) ;
#1724 = VERTEX_POINT ( 'NONE', #443 ) ;
#1725 = ORIENTED_EDGE ( 'NONE', *, *, #775, .F. ) ;
#1726 = CARTESIAN_POINT ( 'NONE',  ( -5.517725546476217275E-18, 0.3753267312645583442, 0.000000000000000000 ) ) ;
#1727 = PLANE ( 'NONE',  #1477 ) ;
#1728 = ORIENTED_EDGE ( 'NONE', *, *, #589, .T. ) ;
#1729 = DIRECTION ( 'NONE',  ( -6.982962677686266711E-15, 1.000000000000000000, 0.000000000000000000 ) ) ;
#1730 = DIRECTION ( 'NONE',  ( 0.8660254037844433705, 6.047423072554946333E-15, 0.4999999999999916178 ) ) ;
#1731 = VECTOR ( 'NONE', #29, 39.37007874015748143 ) ;
#1732 = VECTOR ( 'NONE', #519, 39.37007874015748143 ) ;
#1733 = ORIENTED_EDGE ( 'NONE', *, *, #1396, .F. ) ;
#1734 = DIRECTION ( 'NONE',  ( 6.982962677686266711E-15, -1.000000000000000000, 0.000000000000000000 ) ) ;
#1735 = EDGE_CURVE ( 'NONE', #830, #102, #599, .T. ) ;
#1736 = ORIENTED_EDGE ( 'NONE', *, *, #193, .T. ) ;
#1737 = ORIENTED_EDGE ( 'NONE', *, *, #558, .T. ) ;
#1738 = PLANE ( 'NONE',  #1218 ) ;
#1739 = AXIS2_PLACEMENT_3D ( 'NONE', #355, #1299, #87 ) ;
#1740 = DIRECTION ( 'NONE',  ( 1.000000000000000000, 6.982962677686265922E-15, 0.000000000000000000 ) ) ;
#1741 = ORIENTED_EDGE ( 'NONE', *, *, #1393, .T. ) ;
#1742 = PLANE ( 'NONE',  #1450 ) ;
#1743 = CARTESIAN_POINT ( 'NONE',  ( 1.231621331523924692E-15, 0.1981613769338497755, -0.1496062992125984370 ) ) ;
#1744 = VECTOR ( 'NONE', #192, 39.37007874015748143 ) ;
#1745 = EDGE_LOOP ( 'NONE', ( #1608, #1343, #1510, #936 ) ) ;
#1746 = DIRECTION ( 'NONE',  ( 1.000000000000000000, 6.982962677686265922E-15, 0.000000000000000000 ) ) ;
#1747 = ADVANCED_FACE ( 'NONE', ( #472 ), #1141, .F. ) ;
#1748 = ORIENTED_EDGE ( 'NONE', *, *, #991, .F. ) ;
#1749 = VERTEX_POINT ( 'NONE', #61 ) ;
#1750 = CIRCLE ( 'NONE', #311, 0.003937007874015741038 ) ;
#1751 = CARTESIAN_POINT ( 'NONE',  ( 0.07086614173228342195, 0.3753267312645588438, 0.2004397175016985888 ) ) ;
#1752 = DIRECTION ( 'NONE',  ( 0.000000000000000000, 0.000000000000000000, -1.000000000000000000 ) ) ;
#1753 = EDGE_LOOP ( 'NONE', ( #562, #660, #429, #1212 ) ) ;
#1754 = VECTOR ( 'NONE', #1531, 39.37007874015748143 ) ;
#1755 = ORIENTED_EDGE ( 'NONE', *, *, #1664, .F. ) ;
#1756 = CARTESIAN_POINT ( 'NONE',  ( -1.792496363537056369E-15, 0.6312322430755821223, -0.04921259842519685318 ) ) ;
#1757 = CARTESIAN_POINT ( 'NONE',  ( -0.07086614173228349134, 0.3753267312645579001, 0.2004397175016985611 ) ) ;
ENDSEC;
END-ISO-10303-21;
